"codon","impact","data","value"
267,NA,"PAD",1.17924528301887
267,NA,"FMI",0.751412429378531
323,NA,"PAD",1.02830188679245
323,NA,"FMI",0.542372881355932
130,NA,"PAD",1
130,NA,"FMI",1
173,NA,"PAD",0.688679245283019
173,NA,"FMI",0.627118644067797
233,NA,"PAD",0.547169811320755
233,NA,"FMI",0.536723163841808
319,NA,"PAD",0.292452830188679
319,NA,"FMI",0.350282485875706
268,NA,"PAD",0.226415094339623
268,NA,"FMI",0.15819209039548
7,NA,"PAD",0.179245283018868
7,NA,"FMI",0.163841807909605
335,NA,"PAD",0.160377358490566
335,NA,"FMI",0.124293785310734
157,NA,"PAD",0.141509433962264
157,NA,"FMI",0.169491525423729
63,NA,"PAD",0.132075471698113
63,NA,"FMI",0.101694915254237
68,NA,"PAD",0.132075471698113
68,NA,"FMI",0.124293785310734
165,NA,"PAD",0.132075471698113
165,NA,"FMI",0.0903954802259887
212,NA,"PAD",0.122641509433962
212,NA,"FMI",0
299,NA,"PAD",0.122641509433962
299,NA,"FMI",0.186440677966102
27,NA,"PAD",0.113207547169811
27,NA,"FMI",0.101694915254237
55,NA,"PAD",0.113207547169811
55,NA,"FMI",0.0338983050847458
171,"active_site","PAD",0.10377358490566
171,"active_site","FMI",0.0677966101694915
246,NA,"PAD",0.10377358490566
246,NA,"FMI",0.0790960451977401
274,NA,"PAD",0.10377358490566
274,NA,"FMI",0.0677966101694915
290,NA,"PAD",0.10377358490566
290,NA,"FMI",0.101694915254237
24,NA,"PAD",0.0943396226415094
24,NA,"FMI",0.0621468926553672
33,NA,"PAD",0.0943396226415094
33,NA,"FMI",0.124293785310734
96,NA,"PAD",0.0943396226415094
96,NA,"FMI",0.0564971751412429
164,NA,"PAD",0.0849056603773585
164,NA,"FMI",0.0564971751412429
70,NA,"PAD",0.0754716981132075
70,NA,"FMI",0.0112994350282486
132,NA,"PAD",0.0754716981132075
132,NA,"FMI",0.0395480225988701
150,NA,"PAD",0.0754716981132075
150,NA,"FMI",0.0395480225988701
204,NA,"PAD",0.0754716981132075
204,NA,"FMI",0.0225988700564972
35,NA,"PAD",0.0660377358490566
35,NA,"FMI",0.0508474576271186
57,NA,"PAD",0.0660377358490566
57,NA,"FMI",0.101694915254237
90,NA,"PAD",0.0660377358490566
90,NA,"FMI",0.0508474576271186
105,NA,"PAD",0.0660377358490566
105,NA,"FMI",0.0564971751412429
111,NA,"PAD",0.0660377358490566
111,NA,"FMI",0.0621468926553672
126,"active_site","PAD",0.0660377358490566
126,"active_site","FMI",0.0847457627118644
134,NA,"PAD",0.0660377358490566
134,NA,"FMI",0.0677966101694915
155,NA,"PAD",0.0660377358490566
155,NA,"FMI",0.0677966101694915
136,NA,"PAD",0.0566037735849057
136,NA,"FMI",0.135593220338983
66,NA,"PAD",0.0471698113207547
66,NA,"FMI",0.0564971751412429
123,NA,"PAD",0.0471698113207547
123,NA,"FMI",0.0508474576271186
15,NA,"PAD",0.0377358490566038
15,NA,"FMI",0.0677966101694915
16,NA,"PAD",0.0377358490566038
16,NA,"FMI",0.0903954802259887
17,NA,"PAD",0.0377358490566038
17,NA,"FMI",0.0677966101694915
129,NA,"PAD",0.0377358490566038
129,NA,"FMI",0.0621468926553672
320,NA,"PAD",0.0377358490566038
320,NA,"FMI",0.0621468926553672
38,NA,"PAD",0.0283018867924528
38,NA,"FMI",0.0508474576271186
92,"active_site","PAD",0.0283018867924528
92,"active_site","FMI",0.0564971751412429
93,"active_site","PAD",0.0283018867924528
93,"active_site","FMI",0.0790960451977401
101,NA,"PAD",0.0283018867924528
101,NA,"FMI",0.0564971751412429
127,NA,"PAD",0.0283018867924528
127,NA,"FMI",0.0677966101694915
142,NA,"PAD",0.0283018867924528
142,NA,"FMI",0.0621468926553672
170,NA,"PAD",0.0283018867924528
170,NA,"FMI",0.0508474576271186
211,NA,"PAD",0.0283018867924528
211,NA,"FMI",0.0564971751412429
277,NA,"PAD",0.0283018867924528
277,NA,"FMI",0.0564971751412429
31,NA,"PAD",0.0188679245283019
31,NA,"FMI",0.0508474576271186
36,NA,"PAD",0.0188679245283019
36,NA,"FMI",0.096045197740113
336,"PTM","PAD",0.0188679245283019
336,"PTM","FMI",0.0621468926553672
76,NA,"PAD",0.00943396226415094
76,NA,"FMI",0.0508474576271186
146,NA,"PAD",0.00943396226415094
146,NA,"FMI",0.0564971751412429
159,NA,"PAD",0.00943396226415094
159,NA,"FMI",0.0508474576271186
286,"PTM","PAD",NA
286,"PTM","FMI",NA
289,"PTM","PAD",NA
289,"PTM","FMI",NA
366,"PTM","PAD",NA
366,"PTM","FMI",NA
370,"PTM","PAD",NA
370,"PTM","FMI",NA
321,"PTM","PAD",NA
321,"PTM","FMI",NA
382,"PTM","PAD",NA
382,"PTM","FMI",NA
383,"PTM","PAD",NA
383,"PTM","FMI",NA
385,"PTM","PAD",NA
385,"PTM","FMI",NA
402,"PTM","PAD",NA
402,"PTM","FMI",NA
398,"PTM","PAD",NA
398,"PTM","FMI",NA
254,"PTM","PAD",NA
254,"PTM","FMI",NA
229,"PTM","PAD",NA
229,"PTM","FMI",NA
128,"PTM","PAD",NA
128,"PTM","FMI",NA
125,"PTM","PAD",NA
125,"PTM","FMI",NA
83,"PTM","PAD",NA
83,"PTM","FMI",NA
13,"PTM","PAD",NA
13,"PTM","FMI",NA
124,"active_site","PAD",NA
124,"active_site","FMI",NA
125,"active_site","PAD",NA
125,"active_site","FMI",NA
163,"PTM","PAD",NA
163,"PTM","FMI",NA
240,"PTM","PAD",NA
240,"PTM","FMI",NA
