"codon","Freq","cutoff","p_value","Freq_prop","freq_adj"
267,125,8,2.55518128128237e-20,0.0885269121813031,1.17924528301887
323,109,8,2.55518128128237e-20,0.0771954674220963,1.02830188679245
130,106,8,2.55518128128237e-20,0.075070821529745,1
173,73,8,2.55518128128237e-20,0.051699716713881,0.688679245283019
233,58,8,2.55518128128237e-20,0.0410764872521246,0.547169811320755
319,31,8,2.55518128128237e-20,0.0219546742209632,0.292452830188679
268,24,8,4.67671416612122e-16,0.0169971671388102,0.226415094339623
7,19,8,2.47764922192339e-11,0.0134560906515581,0.179245283018868
335,17,8,1.24853769451405e-09,0.0120396600566572,0.160377358490566
157,15,8,5.45747680034971e-08,0.0106232294617564,0.141509433962264
63,14,8,3.10442565670037e-07,0.00991501416430595,0.132075471698113
68,14,8,3.10442565670037e-07,0.00991501416430595,0.132075471698113
165,14,8,3.10442565670037e-07,0.00991501416430595,0.132075471698113
212,13,8,1.25285789066763e-06,0.00920679886685552,0.122641509433962
299,13,8,1.25285789066763e-06,0.00920679886685552,0.122641509433962
27,12,8,5.91607740046442e-06,0.0084985835694051,0.113207547169811
55,12,8,5.91607740046442e-06,0.0084985835694051,0.113207547169811
171,11,8,2.74841326971642e-05,0.00779036827195467,0.10377358490566
246,11,8,2.74841326971642e-05,0.00779036827195467,0.10377358490566
274,11,8,2.74841326971642e-05,0.00779036827195467,0.10377358490566
290,11,8,2.74841326971642e-05,0.00779036827195467,0.10377358490566
24,10,8,0.000102040505740743,0.00708215297450425,0.0943396226415094
33,10,8,0.000102040505740743,0.00708215297450425,0.0943396226415094
96,10,8,0.000102040505740743,0.00708215297450425,0.0943396226415094
164,9,8,0.000416234799135763,0.00637393767705382,0.0849056603773585
70,8,8,0.00187908112655089,0.0056657223796034,0.0754716981132075
132,8,8,0.00187908112655089,0.0056657223796034,0.0754716981132075
150,8,8,0.00187908112655089,0.0056657223796034,0.0754716981132075
204,8,8,0.00187908112655089,0.0056657223796034,0.0754716981132075
35,7,8,0.00667215176436926,0.00495750708215297,0.0660377358490566
57,7,8,0.00667215176436926,0.00495750708215297,0.0660377358490566
90,7,8,0.00667215176436926,0.00495750708215297,0.0660377358490566
105,7,8,0.00667215176436926,0.00495750708215297,0.0660377358490566
111,7,8,0.00667215176436926,0.00495750708215297,0.0660377358490566
126,7,8,0.00667215176436926,0.00495750708215297,0.0660377358490566
134,7,8,0.00667215176436926,0.00495750708215297,0.0660377358490566
155,7,8,0.00667215176436926,0.00495750708215297,0.0660377358490566
250,7,8,0.00667215176436926,0.00495750708215297,0.0660377358490566
272,7,8,0.00667215176436926,0.00495750708215297,0.0660377358490566
341,7,8,0.00667215176436926,0.00495750708215297,0.0660377358490566
342,7,8,0.00667215176436926,0.00495750708215297,0.0660377358490566
79,6,8,0.016659373345024,0.00424929178470255,0.0566037735849057
85,6,8,0.016659373345024,0.00424929178470255,0.0566037735849057
124,6,8,0.016659373345024,0.00424929178470255,0.0566037735849057
136,6,8,0.016659373345024,0.00424929178470255,0.0566037735849057
149,6,8,0.016659373345024,0.00424929178470255,0.0566037735849057
156,6,8,0.016659373345024,0.00424929178470255,0.0566037735849057
298,6,8,0.016659373345024,0.00424929178470255,0.0566037735849057
10,5,8,0.0503489701363983,0.00354107648725212,0.0471698113207547
52,5,8,0.0503489701363983,0.00354107648725212,0.0471698113207547
66,5,8,0.0503489701363983,0.00354107648725212,0.0471698113207547
123,5,8,0.0503489701363983,0.00354107648725212,0.0471698113207547
131,5,8,0.0503489701363983,0.00354107648725212,0.0471698113207547
194,5,8,0.0503489701363983,0.00354107648725212,0.0471698113207547
242,5,8,0.0503489701363983,0.00354107648725212,0.0471698113207547
321,5,8,0.0503489701363983,0.00354107648725212,0.0471698113207547
6,4,8,0.139939821853091,0.0028328611898017,0.0377358490566038
15,4,8,0.139939821853091,0.0028328611898017,0.0377358490566038
16,4,8,0.139939821853091,0.0028328611898017,0.0377358490566038
17,4,8,0.139939821853091,0.0028328611898017,0.0377358490566038
25,4,8,0.139939821853091,0.0028328611898017,0.0377358490566038
26,4,8,0.139939821853091,0.0028328611898017,0.0377358490566038
40,4,8,0.139939821853091,0.0028328611898017,0.0377358490566038
45,4,8,0.139939821853091,0.0028328611898017,0.0377358490566038
95,4,8,0.139939821853091,0.0028328611898017,0.0377358490566038
107,4,8,0.139939821853091,0.0028328611898017,0.0377358490566038
122,4,8,0.139939821853091,0.0028328611898017,0.0377358490566038
129,4,8,0.139939821853091,0.0028328611898017,0.0377358490566038
145,4,8,0.139939821853091,0.0028328611898017,0.0377358490566038
166,4,8,0.139939821853091,0.0028328611898017,0.0377358490566038
177,4,8,0.139939821853091,0.0028328611898017,0.0377358490566038
178,4,8,0.139939821853091,0.0028328611898017,0.0377358490566038
198,4,8,0.139939821853091,0.0028328611898017,0.0377358490566038
225,4,8,0.139939821853091,0.0028328611898017,0.0377358490566038
251,4,8,0.139939821853091,0.0028328611898017,0.0377358490566038
257,4,8,0.139939821853091,0.0028328611898017,0.0377358490566038
276,4,8,0.139939821853091,0.0028328611898017,0.0377358490566038
320,4,8,0.139939821853091,0.0028328611898017,0.0377358490566038
325,4,8,0.139939821853091,0.0028328611898017,0.0377358490566038
3,3,8,0.299442195375028,0.00212464589235127,0.0283018867924528
13,3,8,0.299442195375028,0.00212464589235127,0.0283018867924528
14,3,8,0.299442195375028,0.00212464589235127,0.0283018867924528
20,3,8,0.299442195375028,0.00212464589235127,0.0283018867924528
34,3,8,0.299442195375028,0.00212464589235127,0.0283018867924528
38,3,8,0.299442195375028,0.00212464589235127,0.0283018867924528
42,3,8,0.299442195375028,0.00212464589235127,0.0283018867924528
43,3,8,0.299442195375028,0.00212464589235127,0.0283018867924528
47,3,8,0.299442195375028,0.00212464589235127,0.0283018867924528
48,3,8,0.299442195375028,0.00212464589235127,0.0283018867924528
53,3,8,0.299442195375028,0.00212464589235127,0.0283018867924528
61,3,8,0.299442195375028,0.00212464589235127,0.0283018867924528
67,3,8,0.299442195375028,0.00212464589235127,0.0283018867924528
74,3,8,0.299442195375028,0.00212464589235127,0.0283018867924528
92,3,8,0.299442195375028,0.00212464589235127,0.0283018867924528
93,3,8,0.299442195375028,0.00212464589235127,0.0283018867924528
101,3,8,0.299442195375028,0.00212464589235127,0.0283018867924528
112,3,8,0.299442195375028,0.00212464589235127,0.0283018867924528
127,3,8,0.299442195375028,0.00212464589235127,0.0283018867924528
128,3,8,0.299442195375028,0.00212464589235127,0.0283018867924528
138,3,8,0.299442195375028,0.00212464589235127,0.0283018867924528
142,3,8,0.299442195375028,0.00212464589235127,0.0283018867924528
148,3,8,0.299442195375028,0.00212464589235127,0.0283018867924528
151,3,8,0.299442195375028,0.00212464589235127,0.0283018867924528
162,3,8,0.299442195375028,0.00212464589235127,0.0283018867924528
170,3,8,0.299442195375028,0.00212464589235127,0.0283018867924528
172,3,8,0.299442195375028,0.00212464589235127,0.0283018867924528
175,3,8,0.299442195375028,0.00212464589235127,0.0283018867924528
200,3,8,0.299442195375028,0.00212464589235127,0.0283018867924528
210,3,8,0.299442195375028,0.00212464589235127,0.0283018867924528
211,3,8,0.299442195375028,0.00212464589235127,0.0283018867924528
215,3,8,0.299442195375028,0.00212464589235127,0.0283018867924528
219,3,8,0.299442195375028,0.00212464589235127,0.0283018867924528
229,3,8,0.299442195375028,0.00212464589235127,0.0283018867924528
240,3,8,0.299442195375028,0.00212464589235127,0.0283018867924528
245,3,8,0.299442195375028,0.00212464589235127,0.0283018867924528
248,3,8,0.299442195375028,0.00212464589235127,0.0283018867924528
252,3,8,0.299442195375028,0.00212464589235127,0.0283018867924528
253,3,8,0.299442195375028,0.00212464589235127,0.0283018867924528
270,3,8,0.299442195375028,0.00212464589235127,0.0283018867924528
271,3,8,0.299442195375028,0.00212464589235127,0.0283018867924528
275,3,8,0.299442195375028,0.00212464589235127,0.0283018867924528
277,3,8,0.299442195375028,0.00212464589235127,0.0283018867924528
288,3,8,0.299442195375028,0.00212464589235127,0.0283018867924528
301,3,8,0.299442195375028,0.00212464589235127,0.0283018867924528
315,3,8,0.299442195375028,0.00212464589235127,0.0283018867924528
337,3,8,0.299442195375028,0.00212464589235127,0.0283018867924528
340,3,8,0.299442195375028,0.00212464589235127,0.0283018867924528
343,3,8,0.299442195375028,0.00212464589235127,0.0283018867924528
346,3,8,0.299442195375028,0.00212464589235127,0.0283018867924528
1,2,8,0.527417902887073,0.00141643059490085,0.0188679245283019
22,2,8,0.527417902887073,0.00141643059490085,0.0188679245283019
23,2,8,0.527417902887073,0.00141643059490085,0.0188679245283019
31,2,8,0.527417902887073,0.00141643059490085,0.0188679245283019
36,2,8,0.527417902887073,0.00141643059490085,0.0188679245283019
39,2,8,0.527417902887073,0.00141643059490085,0.0188679245283019
41,2,8,0.527417902887073,0.00141643059490085,0.0188679245283019
49,2,8,0.527417902887073,0.00141643059490085,0.0188679245283019
59,2,8,0.527417902887073,0.00141643059490085,0.0188679245283019
69,2,8,0.527417902887073,0.00141643059490085,0.0188679245283019
71,2,8,0.527417902887073,0.00141643059490085,0.0188679245283019
73,2,8,0.527417902887073,0.00141643059490085,0.0188679245283019
81,2,8,0.527417902887073,0.00141643059490085,0.0188679245283019
99,2,8,0.527417902887073,0.00141643059490085,0.0188679245283019
114,2,8,0.527417902887073,0.00141643059490085,0.0188679245283019
120,2,8,0.527417902887073,0.00141643059490085,0.0188679245283019
139,2,8,0.527417902887073,0.00141643059490085,0.0188679245283019
161,2,8,0.527417902887073,0.00141643059490085,0.0188679245283019
169,2,8,0.527417902887073,0.00141643059490085,0.0188679245283019
174,2,8,0.527417902887073,0.00141643059490085,0.0188679245283019
180,2,8,0.527417902887073,0.00141643059490085,0.0188679245283019
181,2,8,0.527417902887073,0.00141643059490085,0.0188679245283019
183,2,8,0.527417902887073,0.00141643059490085,0.0188679245283019
184,2,8,0.527417902887073,0.00141643059490085,0.0188679245283019
185,2,8,0.527417902887073,0.00141643059490085,0.0188679245283019
189,2,8,0.527417902887073,0.00141643059490085,0.0188679245283019
190,2,8,0.527417902887073,0.00141643059490085,0.0188679245283019
193,2,8,0.527417902887073,0.00141643059490085,0.0188679245283019
195,2,8,0.527417902887073,0.00141643059490085,0.0188679245283019
218,2,8,0.527417902887073,0.00141643059490085,0.0188679245283019
230,2,8,0.527417902887073,0.00141643059490085,0.0188679245283019
231,2,8,0.527417902887073,0.00141643059490085,0.0188679245283019
232,2,8,0.527417902887073,0.00141643059490085,0.0188679245283019
234,2,8,0.527417902887073,0.00141643059490085,0.0188679245283019
241,2,8,0.527417902887073,0.00141643059490085,0.0188679245283019
247,2,8,0.527417902887073,0.00141643059490085,0.0188679245283019
255,2,8,0.527417902887073,0.00141643059490085,0.0188679245283019
256,2,8,0.527417902887073,0.00141643059490085,0.0188679245283019
258,2,8,0.527417902887073,0.00141643059490085,0.0188679245283019
259,2,8,0.527417902887073,0.00141643059490085,0.0188679245283019
264,2,8,0.527417902887073,0.00141643059490085,0.0188679245283019
266,2,8,0.527417902887073,0.00141643059490085,0.0188679245283019
273,2,8,0.527417902887073,0.00141643059490085,0.0188679245283019
278,2,8,0.527417902887073,0.00141643059490085,0.0188679245283019
307,2,8,0.527417902887073,0.00141643059490085,0.0188679245283019
308,2,8,0.527417902887073,0.00141643059490085,0.0188679245283019
322,2,8,0.527417902887073,0.00141643059490085,0.0188679245283019
330,2,8,0.527417902887073,0.00141643059490085,0.0188679245283019
336,2,8,0.527417902887073,0.00141643059490085,0.0188679245283019
338,2,8,0.527417902887073,0.00141643059490085,0.0188679245283019
345,2,8,0.527417902887073,0.00141643059490085,0.0188679245283019
354,2,8,0.527417902887073,0.00141643059490085,0.0188679245283019
4,1,8,1,0.000708215297450425,0.00943396226415094
5,1,8,1,0.000708215297450425,0.00943396226415094
8,1,8,1,0.000708215297450425,0.00943396226415094
9,1,8,1,0.000708215297450425,0.00943396226415094
18,1,8,1,0.000708215297450425,0.00943396226415094
21,1,8,1,0.000708215297450425,0.00943396226415094
28,1,8,1,0.000708215297450425,0.00943396226415094
29,1,8,1,0.000708215297450425,0.00943396226415094
30,1,8,1,0.000708215297450425,0.00943396226415094
44,1,8,1,0.000708215297450425,0.00943396226415094
46,1,8,1,0.000708215297450425,0.00943396226415094
56,1,8,1,0.000708215297450425,0.00943396226415094
64,1,8,1,0.000708215297450425,0.00943396226415094
65,1,8,1,0.000708215297450425,0.00943396226415094
76,1,8,1,0.000708215297450425,0.00943396226415094
82,1,8,1,0.000708215297450425,0.00943396226415094
86,1,8,1,0.000708215297450425,0.00943396226415094
87,1,8,1,0.000708215297450425,0.00943396226415094
88,1,8,1,0.000708215297450425,0.00943396226415094
89,1,8,1,0.000708215297450425,0.00943396226415094
98,1,8,1,0.000708215297450425,0.00943396226415094
102,1,8,1,0.000708215297450425,0.00943396226415094
108,1,8,1,0.000708215297450425,0.00943396226415094
109,1,8,1,0.000708215297450425,0.00943396226415094
116,1,8,1,0.000708215297450425,0.00943396226415094
118,1,8,1,0.000708215297450425,0.00943396226415094
121,1,8,1,0.000708215297450425,0.00943396226415094
125,1,8,1,0.000708215297450425,0.00943396226415094
135,1,8,1,0.000708215297450425,0.00943396226415094
140,1,8,1,0.000708215297450425,0.00943396226415094
143,1,8,1,0.000708215297450425,0.00943396226415094
144,1,8,1,0.000708215297450425,0.00943396226415094
146,1,8,1,0.000708215297450425,0.00943396226415094
147,1,8,1,0.000708215297450425,0.00943396226415094
152,1,8,1,0.000708215297450425,0.00943396226415094
154,1,8,1,0.000708215297450425,0.00943396226415094
158,1,8,1,0.000708215297450425,0.00943396226415094
159,1,8,1,0.000708215297450425,0.00943396226415094
160,1,8,1,0.000708215297450425,0.00943396226415094
167,1,8,1,0.000708215297450425,0.00943396226415094
182,1,8,1,0.000708215297450425,0.00943396226415094
186,1,8,1,0.000708215297450425,0.00943396226415094
188,1,8,1,0.000708215297450425,0.00943396226415094
197,1,8,1,0.000708215297450425,0.00943396226415094
199,1,8,1,0.000708215297450425,0.00943396226415094
202,1,8,1,0.000708215297450425,0.00943396226415094
206,1,8,1,0.000708215297450425,0.00943396226415094
208,1,8,1,0.000708215297450425,0.00943396226415094
209,1,8,1,0.000708215297450425,0.00943396226415094
214,1,8,1,0.000708215297450425,0.00943396226415094
216,1,8,1,0.000708215297450425,0.00943396226415094
217,1,8,1,0.000708215297450425,0.00943396226415094
222,1,8,1,0.000708215297450425,0.00943396226415094
223,1,8,1,0.000708215297450425,0.00943396226415094
224,1,8,1,0.000708215297450425,0.00943396226415094
235,1,8,1,0.000708215297450425,0.00943396226415094
238,1,8,1,0.000708215297450425,0.00943396226415094
239,1,8,1,0.000708215297450425,0.00943396226415094
243,1,8,1,0.000708215297450425,0.00943396226415094
249,1,8,1,0.000708215297450425,0.00943396226415094
261,1,8,1,0.000708215297450425,0.00943396226415094
262,1,8,1,0.000708215297450425,0.00943396226415094
263,1,8,1,0.000708215297450425,0.00943396226415094
281,1,8,1,0.000708215297450425,0.00943396226415094
282,1,8,1,0.000708215297450425,0.00943396226415094
284,1,8,1,0.000708215297450425,0.00943396226415094
285,1,8,1,0.000708215297450425,0.00943396226415094
287,1,8,1,0.000708215297450425,0.00943396226415094
291,1,8,1,0.000708215297450425,0.00943396226415094
292,1,8,1,0.000708215297450425,0.00943396226415094
293,1,8,1,0.000708215297450425,0.00943396226415094
295,1,8,1,0.000708215297450425,0.00943396226415094
296,1,8,1,0.000708215297450425,0.00943396226415094
300,1,8,1,0.000708215297450425,0.00943396226415094
303,1,8,1,0.000708215297450425,0.00943396226415094
305,1,8,1,0.000708215297450425,0.00943396226415094
306,1,8,1,0.000708215297450425,0.00943396226415094
310,1,8,1,0.000708215297450425,0.00943396226415094
311,1,8,1,0.000708215297450425,0.00943396226415094
314,1,8,1,0.000708215297450425,0.00943396226415094
317,1,8,1,0.000708215297450425,0.00943396226415094
324,1,8,1,0.000708215297450425,0.00943396226415094
326,1,8,1,0.000708215297450425,0.00943396226415094
329,1,8,1,0.000708215297450425,0.00943396226415094
331,1,8,1,0.000708215297450425,0.00943396226415094
333,1,8,1,0.000708215297450425,0.00943396226415094
334,1,8,1,0.000708215297450425,0.00943396226415094
347,1,8,1,0.000708215297450425,0.00943396226415094
348,1,8,1,0.000708215297450425,0.00943396226415094
349,1,8,1,0.000708215297450425,0.00943396226415094
350,1,8,1,0.000708215297450425,0.00943396226415094
353,1,8,1,0.000708215297450425,0.00943396226415094
355,1,8,1,0.000708215297450425,0.00943396226415094
359,1,8,1,0.000708215297450425,0.00943396226415094
360,1,8,1,0.000708215297450425,0.00943396226415094
362,1,8,1,0.000708215297450425,0.00943396226415094
370,1,8,1,0.000708215297450425,0.00943396226415094
371,1,8,1,0.000708215297450425,0.00943396226415094
373,1,8,1,0.000708215297450425,0.00943396226415094
376,1,8,1,0.000708215297450425,0.00943396226415094
399,1,8,1,0.000708215297450425,0.00943396226415094
402,1,8,1,0.000708215297450425,0.00943396226415094
2,0,8,1,0,0
11,0,8,1,0,0
12,0,8,1,0,0
19,0,8,1,0,0
32,0,8,1,0,0
37,0,8,1,0,0
50,0,8,1,0,0
51,0,8,1,0,0
54,0,8,1,0,0
58,0,8,1,0,0
60,0,8,1,0,0
62,0,8,1,0,0
72,0,8,1,0,0
75,0,8,1,0,0
77,0,8,1,0,0
78,0,8,1,0,0
80,0,8,1,0,0
83,0,8,1,0,0
84,0,8,1,0,0
91,0,8,1,0,0
94,0,8,1,0,0
97,0,8,1,0,0
100,0,8,1,0,0
103,0,8,1,0,0
104,0,8,1,0,0
106,0,8,1,0,0
110,0,8,1,0,0
113,0,8,1,0,0
115,0,8,1,0,0
117,0,8,1,0,0
119,0,8,1,0,0
133,0,8,1,0,0
137,0,8,1,0,0
141,0,8,1,0,0
153,0,8,1,0,0
163,0,8,1,0,0
168,0,8,1,0,0
176,0,8,1,0,0
179,0,8,1,0,0
187,0,8,1,0,0
191,0,8,1,0,0
192,0,8,1,0,0
196,0,8,1,0,0
201,0,8,1,0,0
203,0,8,1,0,0
205,0,8,1,0,0
207,0,8,1,0,0
213,0,8,1,0,0
220,0,8,1,0,0
221,0,8,1,0,0
226,0,8,1,0,0
227,0,8,1,0,0
228,0,8,1,0,0
236,0,8,1,0,0
237,0,8,1,0,0
244,0,8,1,0,0
254,0,8,1,0,0
260,0,8,1,0,0
265,0,8,1,0,0
269,0,8,1,0,0
279,0,8,1,0,0
280,0,8,1,0,0
283,0,8,1,0,0
286,0,8,1,0,0
289,0,8,1,0,0
294,0,8,1,0,0
297,0,8,1,0,0
302,0,8,1,0,0
304,0,8,1,0,0
309,0,8,1,0,0
312,0,8,1,0,0
313,0,8,1,0,0
316,0,8,1,0,0
318,0,8,1,0,0
327,0,8,1,0,0
328,0,8,1,0,0
332,0,8,1,0,0
339,0,8,1,0,0
344,0,8,1,0,0
351,0,8,1,0,0
352,0,8,1,0,0
356,0,8,1,0,0
357,0,8,1,0,0
358,0,8,1,0,0
361,0,8,1,0,0
363,0,8,1,0,0
364,0,8,1,0,0
365,0,8,1,0,0
366,0,8,1,0,0
367,0,8,1,0,0
368,0,8,1,0,0
369,0,8,1,0,0
372,0,8,1,0,0
374,0,8,1,0,0
375,0,8,1,0,0
377,0,8,1,0,0
378,0,8,1,0,0
379,0,8,1,0,0
380,0,8,1,0,0
381,0,8,1,0,0
382,0,8,1,0,0
383,0,8,1,0,0
384,0,8,1,0,0
385,0,8,1,0,0
386,0,8,1,0,0
387,0,8,1,0,0
388,0,8,1,0,0
389,0,8,1,0,0
390,0,8,1,0,0
391,0,8,1,0,0
392,0,8,1,0,0
393,0,8,1,0,0
394,0,8,1,0,0
395,0,8,1,0,0
396,0,8,1,0,0
397,0,8,1,0,0
398,0,8,1,0,0
400,0,8,1,0,0
401,0,8,1,0,0
403,0,8,1,0,0
