nucleotide_position,freq_real_syn,freq_pred_syn,prop_freq_real_syn,prop_freq_pred_syn
1,0,0,0,0
2,0,0,0,0
3,0,0,0,0
4,0,0,0,0
5,0,0,0,0
6,0,0.011648657970650948,0,0.0033474971741506206
7,0,0,0,0
8,0,0,0,0
9,0,0.01168217734855136,0,0.003357129702042127
10,0,0,0,0
11,0,0,0,0
12,1,0.009015050796437978,0.018518518518518517,0.0025906724312735607
13,0,0,0,0
14,0,0,0,0
15,0,0.009015050796437978,0,0.0025906724312735607
16,0,0,0,0
17,0,0,0,0
18,0,0.0053720055186253605,0,0.001543763525242816
19,0,0,0,0
20,0,0,0,0
21,0,0.005697886617333501,0,0.0016374126013667019
22,0,0,0,0
23,0,0,0,0
24,0,0.01850495422049417,0,0.0053178041725461716
25,0,0,0,0
26,0,0,0,0
27,0,0.008882384297002385,0,0.0025525478049789243
28,0,0,0,0
29,0,0,0,0
30,0,0.013424683306158283,0,0.0038578769798595595
31,0,0.0018380785149880847,0,5.282121468663693e-4
32,0,0,0,0
33,1,0.0050102219992474595,0.018518518518518517,0.0014397971016579614
34,0,0,0,0
35,0,0,0,0
36,0,0.011345854759814374,0,0.0032604800349099426
37,0,0,0,0
38,0,0,0,0
39,0,0.0055027906685062074,0,0.0015813475045089302
40,0,0.004144926627367365,0,0.0011911355116728994
41,0,0,0,0
42,0,0.00626429825661608,0,0.0018001834000871742
43,0,0.0013578953969647562,0,3.9022100361983957e-4
44,0,0,0,0
45,0,0.004498306785400728,0,0.0012926870451970209
46,0,0,0,0
47,0,0,0,0
48,0,0.004498306785400728,0,0.0012926870451970209
49,0,0,0,0
50,0,0,0,0
51,0,0.0053720055186253605,0,0.001543763525242816
52,0,0,0,0
53,0,0,0,0
54,0,0.0059856703875580085,0,0.0017201135751630091
55,0,0,0,0
56,0,0,0,0
57,0,0.008704847610686066,0,0.0025015287470540283
58,0,0,0,0
59,0,0,0,0
60,0,0.007462937413771479,0,0.002144638632742594
61,0,0,0,0
62,0,0,0,0
63,0,0.017627147874075003,0,0.005065547279821435
64,0,0,0,0
65,0,0,0,0
66,0,0.005844318324344663,0,0.0016794929617533606
67,0,0.0053720055186253605,0,0.001543763525242816
68,0,0,0,0
69,0,0.004088831054809984,0,0.001175015219439124
70,0,0,0,0
71,0,0,0,0
72,1,0.005844318324344663,0.018518518518518517,0.0016794929617533606
73,0,0.0053720055186253605,0,0.001543763525242816
74,0,0,0,0
75,0,0.004708704377273298,0,0.0013531494045534408
76,0,0,0,0
77,0,0,0,0
78,1,0.01846861281826163,0.018518518518518517,0.00530736067411188
79,0,0,0,0
80,0,0,0,0
81,0,0.008928665496049166,0,0.0025658477218805744
82,0,0,0,0
83,0,0,0,0
84,0,0.008904239307663363,0,0.002558828321293592
85,0,0,0,0
86,0,0,0,0
87,0,0.004498306785400728,0,0.0012926870451970209
88,0,0,0,0
89,0,0,0,0
90,0,0.006687570550608304,0,0.001921819970720902
91,0,0,0,0
92,0,0,0,0
93,0,0.011345854759814374,0,0.0032604800349099426
94,0,0,0,0
95,0,0,0,0
96,0,0.008070926878213973,0,0.0023193577307934112
97,0,0,0,0
98,0,0,0,0
99,0,0.005384297002383043,0,0.001547295752495829
100,0,0,0,0
101,0,0,0,0
102,0,0.005113131819892136,0,0.001469370494118136
103,0,0,0,0
104,0,0,0,0
105,0,0,0,0
106,0,0,0,0
107,0,0,0,0
108,0,0.007462937413771479,0,0.002144638632742594
109,0,0,0,0
110,0,0,0,0
111,0,0.0050102219992474595,0,0.0014397971016579614
112,0,0,0,0
113,0,0,0,0
114,0,0.011648657970650948,0,0.0033474971741506206
115,0,0,0,0
116,0,0,0,0
117,0,0.011648657970650948,0,0.0033474971741506206
118,0,0,0,0
119,0,0,0,0
120,0,0.0055027906685062074,0,0.0015813475045089302
121,0,0.004144926627367365,0,0.0011911355116728994
122,0,0,0,0
123,0,0.004964442493415277,0,0.0014266413572972501
124,0,0,0,0
125,0,0,0,0
126,0,0.006687570550608304,0,0.001921819970720902
127,0,0,0,0
128,0,0,0,0
129,0,0.0053720055186253605,0,0.001543763525242816
130,0,0,0,0
131,0,0,0,0
132,0,0.03464561645553744,0,0.009956177224348262
133,0,0,0,0
134,0,0,0,0
135,0,0.012273234667001127,0,0.0035269829768362427
136,0,0,0,0
137,0,0,0,0
138,0,0.011345854759814374,0,0.0032604800349099426
139,0,0.0018380785149880847,0,5.282121468663693e-4
140,0,0,0,0
141,0,0.00626429825661608,0,0.0018001834000871742
142,0,0,0,0
143,0,0,0,0
144,0,0.011345854759814374,0,0.0032604800349099426
145,0,0,0,0
146,0,0,0,0
147,0,0.008928665496049166,0,0.0025658477218805744
148,0,0,0,0
149,0,0,0,0
150,0,0.005384297002383043,0,0.001547295752495829
151,0,0,0,0
152,0,0,0,0
153,0,0.008704847610686066,0,0.0025015287470540283
154,0,0,0,0
155,0,0,0,0
156,0,0.008704847610686066,0,0.0025015287470540283
157,0,0,0,0
158,0,0,0,0
159,0,0.005113131819892136,0,0.001469370494118136
160,0,0,0,0
161,0,0,0,0
162,0,0.008882384297002385,0,0.0025525478049789243
163,0,0.004144926627367365,0,0.0011911355116728994
164,0,0,0,0
165,0,0.005882823278565158,0,0.001690558204270452
166,0,0,0,0
167,0,0,0,0
168,0,0.0055027906685062074,0,0.0015813475045089302
169,0,0.0055027906685062074,0,0.0015813475045089302
170,0,0,0,0
171,0,0.006230559387934279,0,0.0017904877967090064
172,0,0,0,0
173,0,0,0,0
174,0,0.0059876144487645815,0,0.001720672243759149
175,0,0,0,0
176,0,0,0,0
177,0,0.006687570550608304,0,0.001921819970720902
178,0,0,0,0
179,0,0,0,0
180,0,0.011460428947698484,0,0.003293405438946956
181,0,0,0,0
182,0,0,0,0
183,0,0.008928665496049166,0,0.0025658477218805744
184,0,0,0,0
185,0,0,0,0
186,0,0.0055027906685062074,0,0.0015813475045089302
187,0,0,0,0
188,0,0,0,0
189,0,0.005882823278565158,0,0.001690558204270452
190,0,0,0,0
191,0,0,0,0
192,0,0.0059876144487645815,0,0.001720672243759149
193,0,0,0,0
194,0,0,0,0
195,0,0.011345854759814374,0,0.0032604800349099426
196,0,0,0,0
197,0,0,0,0
198,0,0.005697886617333501,0,0.0016374126013667019
199,0,0,0,0
200,0,0,0,0
201,0,0.003344569170951963,0,9.611352549556687e-4
202,0,0,0,0
203,0,0,0,0
204,0,0.011345854759814374,0,0.0032604800349099426
205,0,0,0,0
206,0,0,0,0
207,0,0.004498306785400728,0,0.0012926870451970209
208,0,0,0,0
209,0,0,0,0
210,0,0.01335156152013044,0,0.0038368638320176564
211,0,0,0,0
212,0,0,0,0
213,0,0.006207638279192273,0,0.0017839009137448414
214,0,0,0,0
215,0,0,0,0
216,0,0.011648657970650948,0,0.0033474971741506206
217,0,0,0,0
218,0,0,0,0
219,0,0.0055027906685062074,0,0.0015813475045089302
220,0,0.004144926627367365,0,0.0011911355116728994
221,0,0,0,0
222,0,0.004964442493415277,0,0.0014266413572972501
223,0,0,0,0
224,0,0,0,0
225,0,0.0059876144487645815,0,0.001720672243759149
226,0,0,0,0
227,0,0,0,0
228,0,0.008704847610686066,0,0.0025015287470540283
229,0,0,0,0
230,0,0,0,0
231,0,0.011345854759814374,0,0.0032604800349099426
232,0,0,0,0
233,0,0,0,0
234,1,0.028955380659726578,0.018518518518518517,0.008320963254230885
235,0,0,0,0
236,0,0,0,0
237,0,0.01168217734855136,0,0.003357129702042127
238,0,0,0,0
239,0,0,0,0
240,1,0.0059876144487645815,0.018518518518518517,0.001720672243759149
241,0,0,0,0
242,0,0,0,0
243,0,0.0047333187006145735,0,0.001360222869843275
244,0,0,0,0
245,0,0,0,0
246,0,0.0059876144487645815,0,0.001720672243759149
247,0,0,0,0
248,0,0,0,0
249,0,0.013424683306158283,0,0.0038578769798595595
250,0,0.0018380785149880847,0,5.282121468663693e-4
251,0,0,0,0
252,0,0.003905932522262636,0,0.001122455317482939
253,0,0,0,0
254,0,0,0,0
255,0,0.006687570550608304,0,0.001921819970720902
256,0,0,0,0
257,0,0,0,0
258,0,0.008788254107613195,0,0.0025254974319851874
259,0,0,0,0
260,0,0,0,0
261,2,0.0059876144487645815,0.037037037037037035,0.001720672243759149
262,0,0,0,0
263,0,0,0,0
264,0,0.004498306785400728,0,0.0012926870451970209
265,0,0,0,0
266,0,0,0,0
267,0,0.011355857268280447,0,0.00326335447494492
268,0,0,0,0
269,0,0,0,0
270,0,0.004657186755299135,0,0.001338344686755736
271,0,0,0,0
272,0,0,0,0
273,0,0.0053720055186253605,0,0.001543763525242816
274,0,0,0,0
275,0,0,0,0
276,0,0.005882823278565158,0,0.001690558204270452
277,0,0,0,0
278,0,0,0,0
279,1,0.008928665496049166,0.018518518518518517,0.0025658477218805744
280,0,0,0,0
281,0,0,0,0
282,0,0.005882823278565158,0,0.001690558204270452
283,0,0,0,0
284,0,0,0,0
285,0,0.008788254107613195,0,0.0025254974319851874
286,0,0,0,0
287,0,0,0,0
288,1,0.008788254107613195,0.018518518518518517,0.0025254974319851874
289,0,0,0,0
290,0,0,0,0
291,0,0.011460428947698484,0,0.003293405438946956
292,0,0.011460428947698484,0,0.003293405438946956
293,0,0,0,0
294,0,0.005113131819892136,0,0.001469370494118136
295,0,0,0,0
296,0,0,0,0
297,0,0.006419384171579079,0,0.0018447507368050359
298,0,0,0,0
299,0,0,0,0
300,0,0.008882384297002385,0,0.0025525478049789243
301,0,0,0,0
302,0,0,0,0
303,0,0.009015050796437978,0,0.0025906724312735607
304,0,0,0,0
305,0,0,0,0
306,0,0.006419384171579079,0,0.0018447507368050359
307,0,0,0,0
308,0,0,0,0
309,0,0.01846861281826163,0,0.00530736067411188
310,0,0,0,0
311,0,0,0,0
312,0,0.0055027906685062074,0,0.0015813475045089302
313,0,0,0,0
314,0,0,0,0
315,0,0.006207638279192273,0,0.0017839009137448414
316,0,0,0,0
317,0,0,0,0
318,0,0.0053720055186253605,0,0.001543763525242816
319,0,0,0,0
320,0,0,0,0
321,0,0.004498306785400728,0,0.0012926870451970209
322,0,0,0,0
323,0,0,0,0
324,0,0.006687570550608304,0,0.001921819970720902
325,0,0,0,0
326,0,0,0,0
327,0,0.005882823278565158,0,0.001690558204270452
328,0,0,0,0
329,0,0,0,0
330,0,0.0059876144487645815,0,0.001720672243759149
331,0,0,0,0
332,0,0,0,0
333,0,0,0,0
334,0,0.011460428947698484,0,0.003293405438946956
335,0,0,0,0
336,0,0.008882384297002385,0,0.0025525478049789243
337,0,0,0,0
338,0,0,0,0
339,1,0.006207638279192273,0.018518518518518517,0.0017839009137448414
340,0,0,0,0
341,0,0,0,0
342,0,0.0053720055186253605,0,0.001543763525242816
343,0,0,0,0
344,0,0,0,0
345,0,0.008704847610686066,0,0.0025015287470540283
346,0,0,0,0
347,0,0,0,0
348,0,0.011345854759814374,0,0.0032604800349099426
349,0,0,0,0
350,0,0,0,0
351,0,0.004498306785400728,0,0.0012926870451970209
352,0,0,0,0
353,0,0,0,0
354,0,0.008704847610686066,0,0.0025015287470540283
355,0,0,0,0
356,0,0,0,0
357,0,0.006687570550608304,0,0.001921819970720902
358,0,0,0,0
359,0,0,0,0
360,0,0.011648657970650948,0,0.0033474971741506206
361,0,0,0,0
362,0,0,0,0
363,0,0.006687570550608304,0,0.001921819970720902
364,0,0,0,0
365,0,0,0,0
366,0,0.006380973284836323,0,0.0018337125266393707
367,0,0,0,0
368,0,0,0,0
369,0,0.005844318324344663,0,0.0016794929617533606
370,0,0,0,0
371,0,0,0,0
372,0,0.008966072996362724,0,0.002576597586964361
373,0,0,0,0
374,0,0,0,0
375,0,0.0053720055186253605,0,0.001543763525242816
376,0,0,0,0
377,0,0,0,0
378,0,0.011648657970650948,0,0.0033474971741506206
379,0,0,0,0
380,0,0,0,0
381,0,0.007416812993854258,0,0.0021313837697599864
382,0,0,0,0
383,0,0,0,0
384,0,0.0059856703875580085,0,0.0017201135751630091
385,0,0,0,0
386,0,0,0,0
387,0,0.00672560516744011,0,0.0019327500514808628
388,0,4.180672268907563e-4,0,1.2014078052148247e-4
389,0,0,0,0
390,0,0.007416812993854258,0,0.0021313837697599864
391,0,0,0,0
392,0,0,0,0
393,0,0.011648657970650948,0,0.0033474971741506206
394,0,0,0,0
395,0,0,0,0
396,0,0.008788254107613195,0,0.0025254974319851874
397,0,0,0,0
398,0,0,0,0
399,0,0.008882384297002385,0,0.0025525478049789243
400,0,0,0,0
401,0,0,0,0
402,0,0,0,0
403,0,0,0,0
404,0,0,0,0
405,0,0.003344569170951963,0,9.611352549556687e-4
406,0,0,0,0
407,0,0,0,0
408,0,0.006207638279192273,0,0.0017839009137448414
409,0,0,0,0
410,0,0,0,0
411,0,0.011255957606923366,0,0.0032346461177303813
412,0,0,0,0
413,0,0,0,0
414,0,0.0059876144487645815,0,0.001720672243759149
415,0,0.0055027906685062074,0,0.0015813475045089302
416,0,0,0,0
417,0,0.008928665496049166,0,0.0025658477218805744
418,0,0.0059876144487645815,0,0.001720672243759149
419,0,0,0,0
420,0,0.008966072996362724,0,0.002576597586964361
421,0,0,0,0
422,0,0,0,0
423,0,0.004498306785400728,0,0.0012926870451970209
424,0,8.778063464191647e-4,0,2.522568927247358e-4
425,0,0,0,0
426,0,0.011876771604164053,0,0.0034130506263589594
427,0,0,0,0
428,0,0,0,0
429,0,0.018262824532798195,0,0.005248222899975341
430,0,0,0,0
431,0,0,0,0
432,0,0.0059876144487645815,0,0.001720672243759149
433,0,0,0,0
434,0,0,0,0
435,0,0.0055027906685062074,0,0.0015813475045089302
436,0,0.0055027906685062074,0,0.0015813475045089302
437,0,0,0,0
438,0,0.0047333187006145735,0,0.001360222869843275
439,0,0,0,0
440,0,0,0,0
441,0,0.0059856703875580085,0,0.0017201135751630091
442,0,0,0,0
443,0,0,0,0
444,0,0.008788254107613195,0,0.0025254974319851874
445,0,0,0,0
446,0,0,0,0
447,0,0.0053720055186253605,0,0.001543763525242816
448,0,0,0,0
449,0,0,0,0
450,0,0.0059856703875580085,0,0.0017201135751630091
451,0,0,0,0
452,0,0,0,0
453,0,0.011876771604164053,0,0.0034130506263589594
454,0,0.0059856703875580085,0,0.0017201135751630091
455,0,0,0,0
456,0,0.005113131819892136,0,0.001469370494118136
457,0,0,0,0
458,0,0,0,0
459,0,0.0059876144487645815,0,0.001720672243759149
460,0,0,0,0
461,0,0,0,0
462,0,0.005697886617333501,0,0.0016374126013667019
463,0,0,0,0
464,0,0,0,0
465,0,0.008704847610686066,0,0.0025015287470540283
466,0,0,0,0
467,0,0,0,0
468,0,0.011876771604164053,0,0.0034130506263589594
469,0,0,0,0
470,0,0,0,0
471,0,0.0053720055186253605,0,0.001543763525242816
472,0,0,0,0
473,0,0,0,0
474,0,0.008882384297002385,0,0.0025525478049789243
475,0,0.004144926627367365,0,0.0011911355116728994
476,0,0,0,0
477,0,0.00626429825661608,0,0.0018001834000871742
478,0,0,0,0
479,0,0,0,0
480,0,0.01168217734855136,0,0.003357129702042127
481,0,0.0018380785149880847,0,5.282121468663693e-4
482,0,0,0,0
483,0,0.003905932522262636,0,0.001122455317482939
484,0,0,0,0
485,0,0,0,0
486,1,0.011345854759814374,0.018518518518518517,0.0032604800349099426
487,0,0,0,0
488,0,0,0,0
489,0,0.0055027906685062074,0,0.0015813475045089302
490,0,0,0,0
491,0,0,0,0
492,0,0.0059856703875580085,0,0.0017201135751630091
493,0,0,0,0
494,0,0,0,0
495,0,0.007040354947949329,0,0.0020232002993526574
496,0,0,0,0
497,0,0,0,0
498,0,0.008882384297002385,0,0.0025525478049789243
499,0,0,0,0
500,0,0,0,0
501,0,0.005113131819892136,0,0.001469370494118136
502,0,0,0,0
503,0,0,0,0
504,0,0.006380973284836323,0,0.0018337125266393707
505,0,0,0,0
506,0,0,0,0
507,0,0.01168217734855136,0,0.003357129702042127
508,0,0,0,0
509,0,0,0,0
510,0,0.004964442493415277,0,0.0014266413572972501
511,0,0,0,0
512,0,0,0,0
513,0,0.005697886617333501,0,0.0016374126013667019
514,0,0.0013578953969647562,0,3.9022100361983957e-4
515,0,0,0,0
516,0,0.015665213846732723,0,0.004501742536910676
517,0,0,0,0
518,0,0,0,0
519,1,0.016603693716292486,0.018518518518518517,0.004771435296305258
520,0,0,0,0
521,0,0,0,0
522,1,0.008704847610686066,0.018518518518518517,0.0025015287470540283
523,0,0,0,0
524,0,0,0,0
525,0,0.017806816756553368,0,0.005117179071045324
526,0,0,0,0
527,0,0,0,0
528,0,0.0059876144487645815,0,0.001720672243759149
529,0,0,0,0
530,0,0,0,0
531,0,0.0059876144487645815,0,0.001720672243759149
532,0,0,0,0
533,0,0,0,0
534,0,0.008928665496049166,0,0.0025658477218805744
535,0,0,0,0
536,0,0,0,0
537,0,0.011460428947698484,0,0.003293405438946956
538,0,0,0,0
539,0,0,0,0
540,0,0.005882823278565158,0,0.001690558204270452
541,0,0.0059856703875580085,0,0.0017201135751630091
542,0,0,0,0
543,0,0.017806816756553368,0,0.005117179071045324
544,0,0.006419384171579079,0,0.0018447507368050359
545,0,0,0,0
546,0,0.0047333187006145735,0,0.001360222869843275
547,0,0,0,0
548,0,0,0,0
549,0,0.005697886617333501,0,0.0016374126013667019
550,0,0,0,0
551,0,0,0,0
552,0,0.004498306785400728,0,0.0012926870451970209
553,0,0,0,0
554,0,0,0,0
555,0,0.004498306785400728,0,0.0012926870451970209
556,0,0.005697886617333501,0,0.0016374126013667019
557,0,0,0,0
558,0,0.01168217734855136,0,0.003357129702042127
559,0,0,0,0
560,0,0,0,0
561,0,0.0059876144487645815,0,0.001720672243759149
562,0,0,0,0
563,0,0,0,0
564,0,0.008928665496049166,0,0.0025658477218805744
565,0,1.6292487144111374e-4,0,4.682003267003847e-5
566,0,0,0,0
567,0,0.004964442493415277,0,0.0014266413572972501
568,0,0,0,0
569,0,0,0,0
570,0,0.011648657970650948,0,0.0033474971741506206
571,0,0,0,0
572,0,0,0,0
573,0,0.01168217734855136,0,0.003357129702042127
574,0,0,0,0
575,0,0,0,0
576,0,0.008788254107613195,0,0.0025254974319851874
577,0,0.005844318324344663,0,0.0016794929617533606
578,0,0,0,0
579,0,0.017806816756553368,0,0.005117179071045324
580,0,0.006419384171579079,0,0.0018447507368050359
581,0,0,0,0
582,0,0.011345854759814374,0,0.0032604800349099426
583,0,0,0,0
584,0,0,0,0
585,0,0.0050102219992474595,0,0.0014397971016579614
586,0,0,0,0
587,0,0,0,0
588,0,0.011345854759814374,0,0.0032604800349099426
589,0,0,0,0
590,0,0,0,0
591,0,0.005697886617333501,0,0.0016374126013667019
592,0,0,0,0
593,0,0,0,0
594,0,0,0,0
595,0,0,0,0
596,0,0,0,0
597,0,0,0,0
598,0,0,0,0
599,0,0,0,0
600,0,0.004657186755299135,0,0.001338344686755736
601,0,0,0,0
602,0,0,0,0
603,0,0.0055027906685062074,0,0.0015813475045089302
604,0,0,0,0
605,0,0,0,0
606,0,0.005113131819892136,0,0.001469370494118136
607,0,0,0,0
608,0,0,0,0
609,1,0.006380973284836323,0.018518518518518517,0.0018337125266393707
610,0,0,0,0
611,0,0,0,0
612,0,0.006687570550608304,0,0.001921819970720902
613,0,0,0,0
614,0,0,0,0
615,0,0,0,0
616,0,0,0,0
617,0,0,0,0
618,0,0.004708704377273298,0,0.0013531494045534408
619,0,0,0,0
620,0,0,0,0
621,0,0.006207638279192273,0,0.0017839009137448414
622,0,0,0,0
623,0,0,0,0
624,2,0.03464561645553744,0.037037037037037035,0.009956177224348262
625,0,0,0,0
626,0,0,0,0
627,0,0.007416812993854258,0,0.0021313837697599864
628,0,0,0,0
629,0,0,0,0
630,0,0.011355857268280447,0,0.00326335447494492
631,0,0,0,0
632,0,0,0,0
633,0,0.013424683306158283,0,0.0038578769798595595
634,0,0,0,0
635,0,0,0,0
636,0,0.004498306785400728,0,0.0012926870451970209
637,0,0,0,0
638,0,0,0,0
639,0,0.007040354947949329,0,0.0020232002993526574
640,0,0,0,0
641,0,0,0,0
642,0,0.005844318324344663,0,0.0016794929617533606
643,0,0,0,0
644,0,0,0,0
645,0,0.004657186755299135,0,0.001338344686755736
646,0,0,0,0
647,0,0,0,0
648,0,0.01168217734855136,0,0.003357129702042127
649,0,0,0,0
650,0,0,0,0
651,1,0.014184905305405743,0.018518518518518517,0.004076343433301646
652,0,0,0,0
653,0,0,0,0
654,1,0.015665213846732723,0.018518518518518517,0.004501742536910676
655,0,0,0,0
656,0,0,0,0
657,0,0.011460428947698484,0,0.003293405438946956
658,0,0.011460428947698484,0,0.003293405438946956
659,0,0,0,0
660,1,0.008882384297002385,0.018518518518518517,0.0025525478049789243
661,0,0,0,0
662,0,0,0,0
663,0,0.0059856703875580085,0,0.0017201135751630091
664,0,0,0,0
665,0,0,0,0
666,0,0.0099063401479995,0,0.002846803961036041
667,0,0,0,0
668,0,0,0,0
669,0,0.005697886617333501,0,0.0016374126013667019
670,0,0,0,0
671,0,0,0,0
672,0,0.003344569170951963,0,9.611352549556687e-4
673,0,0,0,0
674,0,0,0,0
675,0,0.0059876144487645815,0,0.001720672243759149
676,0,0,0,0
677,0,0,0,0
678,0,0.01846861281826163,0,0.00530736067411188
679,0,0,0,0
680,0,0,0,0
681,0,0.01168217734855136,0,0.003357129702042127
682,0,0,0,0
683,0,0,0,0
684,0,0.0059876144487645815,0,0.001720672243759149
685,0,0,0,0
686,0,0,0,0
687,1,0.011648657970650948,0.018518518518518517,0.0033474971741506206
688,0,0,0,0
689,0,0,0,0
690,1,0.00672560516744011,0.018518518518518517,0.0019327500514808628
691,0,0,0,0
692,0,0,0,0
693,0,0.01168217734855136,0,0.003357129702042127
694,0,0,0,0
695,0,0,0,0
696,0,0.008788254107613195,0,0.0025254974319851874
697,0,4.180672268907563e-4,0,1.2014078052148247e-4
698,0,0,0,0
699,0,0.00672560516744011,0,0.0019327500514808628
700,0,4.180672268907563e-4,0,1.2014078052148247e-4
701,0,0,0,0
702,1,0.011876771604164053,0.018518518518518517,0.0034130506263589594
703,0,0,0,0
704,0,0,0,0
705,0,0.0053720055186253605,0,0.001543763525242816
706,0,0,0,0
707,0,0,0,0
708,0,0.011345854759814374,0,0.0032604800349099426
709,0,0,0,0
710,0,0,0,0
711,0,0.005844318324344663,0,0.0016794929617533606
712,0,0,0,0
713,0,0,0,0
714,0,0.004708704377273298,0,0.0013531494045534408
715,0,0,0,0
716,0,0,0,0
717,0,0,0,0
718,0,0,0,0
719,0,0,0,0
720,0,0.005844318324344663,0,0.0016794929617533606
721,0,0,0,0
722,0,0,0,0
723,0,0.004657186755299135,0,0.001338344686755736
724,0,0,0,0
725,0,0,0,0
726,0,0.005844318324344663,0,0.0016794929617533606
727,0,0,0,0
728,0,0,0,0
729,0,0.00626429825661608,0,0.0018001834000871742
730,0,0,0,0
731,0,0,0,0
732,0,0.007040354947949329,0,0.0020232002993526574
733,0,0,0,0
734,0,0,0,0
735,0,0.011460428947698484,0,0.003293405438946956
736,0,0,0,0
737,0,0,0,0
738,3,0.040776966010284715,0.05555555555555555,0.011718154901086523
739,0,0.006419384171579079,0,0.0018447507368050359
740,0,0,0,0
741,0,0.008966072996362724,0,0.002576597586964361
742,0,0,0,0
743,0,0,0,0
744,1,0.011648657970650948,0.018518518518518517,0.0033474971741506206
745,0,0,0,0
746,0,0,0,0
747,0,0.017806816756553368,0,0.005117179071045324
748,0,0,0,0
749,0,0,0,0
750,0,0.006207638279192273,0,0.0017839009137448414
751,0,0,0,0
752,0,0,0,0
753,1,0.008788254107613195,0.018518518518518517,0.0025254974319851874
754,0,0,0,0
755,0,0,0,0
756,0,0.008928665496049166,0,0.0025658477218805744
757,0,0,0,0
758,0,0,0,0
759,0,0.009015050796437978,0,0.0025906724312735607
760,0,0,0,0
761,0,0,0,0
762,0,0.0053720055186253605,0,0.001543763525242816
763,0,0,0,0
764,0,0,0,0
765,0,0.005113131819892136,0,0.001469370494118136
766,0,0,0,0
767,0,0,0,0
768,0,0.005844318324344663,0,0.0016794929617533606
769,0,0,0,0
770,0,0,0,0
771,0,0.005697886617333501,0,0.0016374126013667019
772,0,0,0,0
773,0,0,0,0
774,0,0.00626429825661608,0,0.0018001834000871742
775,0,0,0,0
776,0,0,0,0
777,0,0.011345854759814374,0,0.0032604800349099426
778,0,0,0,0
779,0,0,0,0
780,0,0.006419384171579079,0,0.0018447507368050359
781,0,0,0,0
782,0,0,0,0
783,0,0.005697886617333501,0,0.0016374126013667019
784,0,0,0,0
785,0,0,0,0
786,0,0.011345854759814374,0,0.0032604800349099426
787,0,0,0,0
788,0,0,0,0
789,0,0.005697886617333501,0,0.0016374126013667019
790,0,0,0,0
791,0,0,0,0
792,0,0,0,0
793,0,0.011460428947698484,0,0.003293405438946956
794,0,0,0,0
795,0,0.008882384297002385,0,0.0025525478049789243
796,0,0,0,0
797,0,0,0,0
798,0,0.0055027906685062074,0,0.0015813475045089302
799,0,0,0,0
800,0,0,0,0
801,3,0.0059856703875580085,0.05555555555555555,0.0017201135751630091
802,0,0,0,0
803,0,0,0,0
804,0,0.011345854759814374,0,0.0032604800349099426
805,0,0,0,0
806,0,0,0,0
807,0,0.0055027906685062074,0,0.0015813475045089302
808,0,0,0,0
809,0,0,0,0
810,0,0,0,0
811,0,0,0,0
812,0,0,0,0
813,0,0.0050102219992474595,0,0.0014397971016579614
814,0,0,0,0
815,0,0,0,0
816,0,0.005844318324344663,0,0.0016794929617533606
817,0,0,0,0
818,0,0,0,0
819,1,0.0055027906685062074,0.018518518518518517,0.0015813475045089302
820,0,0,0,0
821,0,0,0,0
822,0,0,0,0
823,0,0,0,0
824,0,0,0,0
825,0,0.008882384297002385,0,0.0025525478049789243
826,0,0,0,0
827,0,0,0,0
828,0,0.008928665496049166,0,0.0025658477218805744
829,0,0,0,0
830,0,0,0,0
831,0,0.011255957606923366,0,0.0032346461177303813
832,0,0,0,0
833,0,0,0,0
834,0,0.005697886617333501,0,0.0016374126013667019
835,0,0,0,0
836,0,0,0,0
837,0,0.004708704377273298,0,0.0013531494045534408
838,0,0,0,0
839,0,0,0,0
840,0,0.0010565972657719802,0,3.036363820019796e-4
841,0,0,0,0
842,0,0,0,0
843,0,0.011648657970650948,0,0.0033474971741506206
844,0,0,0,0
845,0,0,0,0
846,0,0.00672560516744011,0,0.0019327500514808628
847,0,0,0,0
848,0,0,0,0
849,0,0.011648657970650948,0,0.0033474971741506206
850,0,0,0,0
851,0,0,0,0
852,0,0.0059856703875580085,0,0.0017201135751630091
853,0,0,0,0
854,0,0,0,0
855,0,0.0055027906685062074,0,0.0015813475045089302
856,0,0,0,0
857,0,0,0,0
858,2,0.01846861281826163,0.037037037037037035,0.00530736067411188
859,0,0,0,0
860,0,0,0,0
861,0,0.011648657970650948,0,0.0033474971741506206
862,0,0,0,0
863,0,0,0,0
864,0,0.0055027906685062074,0,0.0015813475045089302
865,0,0,0,0
866,0,0,0,0
867,0,0.0053720055186253605,0,0.001543763525242816
868,0,0,0,0
869,0,0,0,0
870,0,0.005113131819892136,0,0.001469370494118136
871,0,0,0,0
872,0,0,0,0
873,0,0.0055027906685062074,0,0.0015813475045089302
874,0,0,0,0
875,0,0,0,0
876,0,0.008704847610686066,0,0.0025015287470540283
877,0,0,0,0
878,0,0,0,0
879,0,0.007416812993854258,0,0.0021313837697599864
880,0,0,0,0
881,0,0,0,0
882,0,0.004964442493415277,0,0.0014266413572972501
883,0,0.005697886617333501,0,0.0016374126013667019
884,0,0,0,0
885,0,0.012273234667001127,0,0.0035269829768362427
886,0,0,0,0
887,0,0,0,0
888,0,0.006207638279192273,0,0.0017839009137448414
889,0,0,0,0
890,0,0,0,0
891,0,0.004498306785400728,0,0.0012926870451970209
892,0,0,0,0
893,0,0,0,0
894,0,0.0053720055186253605,0,0.001543763525242816
895,0,0,0,0
896,0,0,0,0
897,0,0.0055027906685062074,0,0.0015813475045089302
898,0,0,0,0
899,0,0,0,0
900,1,0.01850495422049417,0.018518518518518517,0.0053178041725461716
901,0,0,0,0
902,0,0,0,0
903,0,0.008928665496049166,0,0.0025658477218805744
904,0,0,0,0
905,0,0,0,0
906,0,0.013424683306158283,0,0.0038578769798595595
907,0,0,0,0
908,0,0,0,0
909,0,0.008904239307663363,0,0.002558828321293592
910,0,0,0,0
911,0,0,0,0
912,0,0.013424683306158283,0,0.0038578769798595595
913,0,0,0,0
914,0,0,0,0
915,0,0.008966072996362724,0,0.002576597586964361
916,0,0,0,0
917,0,0,0,0
918,0,0.0010243007650821523,0,2.943552746790121e-4
919,0,0,0,0
920,0,0,0,0
921,0,0.011460428947698484,0,0.003293405438946956
922,0,0,0,0
923,0,0,0,0
924,0,0.008788254107613195,0,0.0025254974319851874
925,0,0,0,0
926,0,0,0,0
927,0,0.011648657970650948,0,0.0033474971741506206
928,0,0,0,0
929,0,0,0,0
930,0,0.008928665496049166,0,0.0025658477218805744
931,0,0,0,0
932,0,0,0,0
933,1,0.008704847610686066,0.018518518518518517,0.0025015287470540283
934,0,0,0,0
935,0,0,0,0
936,0,0.011345854759814374,0,0.0032604800349099426
937,0,0,0,0
938,0,0,0,0
939,0,0.0059856703875580085,0,0.0017201135751630091
940,0,0,0,0
941,0,0,0,0
942,2,0.0059876144487645815,0.037037037037037035,0.001720672243759149
943,0,0,0,0
944,0,0,0,0
945,0,0.004498306785400728,0,0.0012926870451970209
946,0,0.005697886617333501,0,0.0016374126013667019
947,0,0,0,0
948,0,0.005113131819892136,0,0.001469370494118136
949,0,0,0,0
950,0,0,0,0
951,0,0.010022670262134704,0,0.002880233968966341
952,0,0,0,0
953,0,0,0,0
954,0,0.008882384297002385,0,0.0025525478049789243
955,0,0,0,0
956,0,0,0,0
957,0,0.011355857268280447,0,0.00326335447494492
958,0,0.0055027906685062074,0,0.0015813475045089302
959,0,0,0,0
960,0,0.0047333187006145735,0,0.001360222869843275
961,0,0,0,0
962,0,0,0,0
963,0,0.006687570550608304,0,0.001921819970720902
964,0,0,0,0
965,0,0,0,0
966,0,0.0055027906685062074,0,0.0015813475045089302
967,0,0,0,0
968,0,0,0,0
969,0,0.008704847610686066,0,0.0025015287470540283
970,0,0,0,0
971,0,0,0,0
972,0,0.004498306785400728,0,0.0012926870451970209
973,0,0,0,0
974,0,0,0,0
975,0,0.006687570550608304,0,0.001921819970720902
976,0,0,0,0
977,0,0,0,0
978,0,0.011345854759814374,0,0.0032604800349099426
979,0,0,0,0
980,0,0,0,0
981,1,0.0053720055186253605,0.018518518518518517,0.001543763525242816
982,0,0,0,0
983,0,0,0,0
984,0,0.006687570550608304,0,0.001921819970720902
985,0,0,0,0
986,0,0,0,0
987,0,0.008928665496049166,0,0.0025658477218805744
988,0,0,0,0
989,0,0,0,0
990,0,0.0053720055186253605,0,0.001543763525242816
991,0,0,0,0
992,0,0,0,0
993,0,0.011345854759814374,0,0.0032604800349099426
994,0,0,0,0
995,0,0,0,0
996,0,0.0053720055186253605,0,0.001543763525242816
997,0,0,0,0
998,0,0,0,0
999,0,0.01168217734855136,0,0.003357129702042127
1000,0,0,0,0
1001,0,0,0,0
1002,0,0.005882823278565158,0,0.001690558204270452
1003,0,0.0016924934152765586,0,4.8637507764254565e-4
1004,0,0,0,0
1005,0,0.007462937413771479,0,0.002144638632742594
1006,0,0,0,0
1007,0,0,0,0
1008,0,0.005844318324344663,0,0.0016794929617533606
1009,0,0,0,0
1010,0,0,0,0
1011,0,0.0055027906685062074,0,0.0015813475045089302
1012,0,0,0,0
1013,0,0,0,0
1014,0,0.007040354947949329,0,0.0020232002993526574
1015,0,0,0,0
1016,0,0,0,0
1017,0,0.006687570550608304,0,0.001921819970720902
1018,0,0,0,0
1019,0,0,0,0
1020,0,0.0059876144487645815,0,0.001720672243759149
1021,0,0,0,0
1022,0,0,0,0
1023,0,0.0047333187006145735,0,0.001360222869843275
1024,0,0,0,0
1025,0,0,0,0
1026,4,0.0059856703875580085,0.07407407407407407,0.0017201135751630091
1027,0,0,0,0
1028,0,0,0,0
1029,0,0.0099063401479995,0,0.002846803961036041
1030,0,0,0,0
1031,0,0,0,0
1032,0,0.011460428947698484,0,0.003293405438946956
1033,0,0.011460428947698484,0,0.003293405438946956
1034,0,0,0,0
1035,0,0.017806816756553368,0,0.005117179071045324
1036,0,0,0,0
1037,0,0,0,0
1038,0,0.005844318324344663,0,0.0016794929617533606
1039,0,0,0,0
1040,0,0,0,0
1041,0,0.004708704377273298,0,0.0013531494045534408
1042,0,0,0,0
1043,0,0,0,0
1044,0,0.006687570550608304,0,0.001921819970720902
1045,0,0,0,0
1046,0,0,0,0
1047,0,0.0055027906685062074,0,0.0015813475045089302
1048,0,0,0,0
1049,0,0,0,0
1050,0,0.011648657970650948,0,0.0033474971741506206
1051,0,0,0,0
1052,0,0,0,0
1053,0,0.005113131819892136,0,0.001469370494118136
1054,0,0,0,0
1055,0,0,0,0
1056,0,0.0059856703875580085,0,0.0017201135751630091
1057,0,0,0,0
1058,0,0,0,0
1059,0,0.011460428947698484,0,0.003293405438946956
1060,0,0,0,0
1061,0,0,0,0
1062,3,0.040776966010284715,0.05555555555555555,0.011718154901086523
1063,0,0,0,0
1064,0,0,0,0
1065,0,0.006687570550608304,0,0.001921819970720902
1066,0,0,0,0
1067,0,0,0,0
1068,0,0.004498306785400728,0,0.0012926870451970209
1069,0,0,0,0
1070,0,0,0,0
1071,0,0.011648657970650948,0,0.0033474971741506206
1072,0,0,0,0
1073,0,0,0,0
1074,1,0.0059856703875580085,0.018518518518518517,0.0017201135751630091
1075,0,0,0,0
1076,0,0,0,0
1077,0,0.005113131819892136,0,0.001469370494118136
1078,0,0,0,0
1079,0,0,0,0
1080,0,0.013424683306158283,0,0.0038578769798595595
1081,0,0,0,0
1082,0,0,0,0
1083,0,0.006419384171579079,0,0.0018447507368050359
1084,0,0,0,0
1085,0,0,0,0
1086,0,0.006687570550608304,0,0.001921819970720902
1087,0,0,0,0
1088,0,0,0,0
1089,3,0.011355857268280447,0.05555555555555555,0.00326335447494492
1090,0,0,0,0
1091,0,0,0,0
1092,0,0.011648657970650948,0,0.0033474971741506206
1093,0,0,0,0
1094,0,0,0,0
1095,0,0.008882384297002385,0,0.0025525478049789243
1096,0,0,0,0
1097,0,0,0,0
1098,0,0.008788254107613195,0,0.0025254974319851874
1099,0,0,0,0
1100,0,0,0,0
1101,0,0.011648657970650948,0,0.0033474971741506206
1102,0,0,0,0
1103,0,0,0,0
1104,0,0.008704847610686066,0,0.0025015287470540283
1105,0,0,0,0
1106,0,0,0,0
1107,1,0.008882384297002385,0.018518518518518517,0.0025525478049789243
1108,0,0,0,0
1109,0,0,0,0
1110,1,0.006207638279192273,0.018518518518518517,0.0017839009137448414
1111,0,0,0,0
1112,0,0,0,0
1113,0,0.011345854759814374,0,0.0032604800349099426
1114,0,0,0,0
1115,0,0,0,0
1116,1,0.008704847610686066,0.018518518518518517,0.0025015287470540283
1117,0,0,0,0
1118,0,0,0,0
1119,0,0.006419384171579079,0,0.0018447507368050359
1120,0,0,0,0
1121,0,0,0,0
1122,0,0.011648657970650948,0,0.0033474971741506206
1123,0,0,0,0
1124,0,0,0,0
1125,0,0.004498306785400728,0,0.0012926870451970209
1126,0,0,0,0
1127,0,0,0,0
1128,0,0.0059876144487645815,0,0.001720672243759149
1129,0,0,0,0
1130,0,0,0,0
1131,0,0.008928665496049166,0,0.0025658477218805744
1132,0,1.6292487144111374e-4,0,4.682003267003847e-5
1133,0,0,0,0
1134,0,0.004498306785400728,0,0.0012926870451970209
1135,0,0,0,0
1136,0,0,0,0
1137,0,0.0059876144487645815,0,0.001720672243759149
1138,0,0,0,0
1139,0,0,0,0
1140,0,0.011648657970650948,0,0.0033474971741506206
1141,0,0,0,0
1142,0,0,0,0
1143,0,0.011345854759814374,0,0.0032604800349099426
1144,0,0,0,0
1145,0,0,0,0
1146,0,0.01168217734855136,0,0.003357129702042127
1147,0,0,0,0
1148,0,0,0,0
1149,0,0.011648657970650948,0,0.0033474971741506206
1150,0,0,0,0
1151,0,0,0,0
1152,0,0.005844318324344663,0,0.0016794929617533606
1153,0,0,0,0
1154,0,0,0,0
1155,0,0.011648657970650948,0,0.0033474971741506206
1156,0,0,0,0
1157,0,0,0,0
1158,0,0.004498306785400728,0,0.0012926870451970209
1159,0,0,0,0
1160,0,0,0,0
1161,0,0.011648657970650948,0,0.0033474971741506206
1162,0,0,0,0
1163,0,0,0,0
1164,0,0.005697886617333501,0,0.0016374126013667019
1165,0,0,0,0
1166,0,0,0,0
1167,1,0.008704847610686066,0.018518518518518517,0.0025015287470540283
1168,0,0,0,0
1169,0,0,0,0
1170,0,0.006419384171579079,0,0.0018447507368050359
1171,0,0,0,0
1172,0,0,0,0
1173,0,0.011355857268280447,0,0.00326335447494492
1174,0,0,0,0
1175,0,0,0,0
1176,0,0.004657186755299135,0,0.001338344686755736
1177,0,0,0,0
1178,0,0,0,0
1179,0,0.008704847610686066,0,0.0025015287470540283
1180,0,0,0,0
1181,0,0,0,0
1182,0,0.0053720055186253605,0,0.001543763525242816
1183,0,0,0,0
1184,0,0,0,0
1185,0,0.004498306785400728,0,0.0012926870451970209
1186,0,0,0,0
1187,0,0,0,0
1188,0,0.011460428947698484,0,0.003293405438946956
1189,0,0,0,0
1190,0,0,0,0
1191,0,0.008928665496049166,0,0.0025658477218805744
1192,0,0,0,0
1193,0,0,0,0
1194,0,0.008788254107613195,0,0.0025254974319851874
1195,0,0,0,0
1196,0,0,0,0
1197,0,0.0055027906685062074,0,0.0015813475045089302
1198,0,0,0,0
1199,0,0,0,0
1200,0,0.008070926878213973,0,0.0023193577307934112
1201,0,0,0,0
1202,0,0,0,0
1203,0,0.006687570550608304,0,0.001921819970720902
1204,0,0,0,0
1205,0,0,0,0
1206,0,0.0053720055186253605,0,0.001543763525242816
1207,0,0,0,0
1208,0,0,0,0
1209,0,0.014184905305405743,0,0.004076343433301646
1210,0,0,0,0
1211,0,0.004708704377273298,0,0.0013531494045534408
1212,0,0,0,0
