"hotspot","log2_odds","upper","bottom","n_samples","p_value","Assigned","gene"
"130",0.552,1.851,-0.668,873,0.4369094789,"MT-H","APC"
"157",0.196,1.63,-1.184,872,0.8281770656,"MT-H","APC"
"173",-0.016,1.186,-1.198,876,1,"MT-H","APC"
"233",0.102,1.338,-1.103,875,1,"MT-H","APC"
"267",0.598,1.165,0.044,911,0.027885646,"MT-H","APC"
"268",-0.225,1.205,-1.654,873,0.8228156438,"MT-H","APC"
"323",0.845,1.613,0.11,888,0.0183435114,"MT-H","APC"
"msi_other_htsp",0.172,0.858,-0.504,899,0.6517327335,"MT-H","APC"
"msi_non_htsp",0.302,0.779,-0.169,937,0.202624248,"MT-H","APC"
"lof",0.402,0.754,0.052,1013,0.0233969907,"MT-H","APC"
"wt",0.525,1.701,-0.589,875,0.372773224,"MT-H","APC"
"synonymous",0.593,2.062,-0.769,871,0.3956261644,"MT-H","APC"
"130",0.142,1.351,-1.121,632,0.8430723007,"MT-H","TP53"
"157",-0.021,1.369,-1.506,629,1,"MT-H","TP53"
"173",0.27,1.453,-0.953,632,0.6961582671,"MT-H","TP53"
"233",0.583,1.792,-0.636,630,0.321603669,"MT-H","TP53"
"267",0.053,0.603,-0.508,695,0.8512017504,"MT-H","TP53"
"268",1.025,3.167,0.152,623,0.01922549,"MT-H","TP53"
"323",-0.741,0.025,-1.557,671,0.0530074678,"MT-H","TP53"
"msi_other_htsp",-0.228,0.468,-0.95,670,0.5629356831,"MT-H","TP53"
"msi_non_htsp",0.213,0.686,-0.265,720,0.3694393908,"MT-H","TP53"
"lof",0.085,0.439,-0.271,838,0.6255627248,"MT-H","TP53"
"wt",-1.025,-0.135,-3.038,642,0.0260949965,"MT-H","TP53"
"synonymous",1.025,2.977,0.145,624,0.0247979422,"MT-H","TP53"
"130",-0.605,0.634,-1.952,708,0.3337382097,"MT-H","PIK3CA"
"157",-0.011,1.369,-1.446,702,1,"MT-H","PIK3CA"
"173",0.833,2.055,-0.349,702,0.1766664077,"MT-H","PIK3CA"
"233",-0.139,1.07,-1.402,706,0.8473036693,"MT-H","PIK3CA"
"267",0.392,0.933,-0.151,756,0.1403747479,"MT-H","PIK3CA"
"268",-1.025,0.349,-3.015,705,0.1154594432,"MT-H","PIK3CA"
"323",0.265,0.969,-0.444,730,0.4769189369,"MT-H","PIK3CA"
"msi_other_htsp",0.316,0.99,-0.361,733,0.3629455723,"MT-H","PIK3CA"
"msi_non_htsp",0.014,0.484,-0.46,791,1,"MT-H","PIK3CA"
"lof",0.104,0.452,-0.245,894,0.5488961303,"MT-H","PIK3CA"
"wt",-0.339,0.775,-1.516,710,0.5911259519,"MT-H","PIK3CA"
"synonymous",0.676,2.055,-0.67,700,0.2861713036,"MT-H","PIK3CA"
"130",0.276,1.731,-1.495,276,0.6033932569,"MT-H","SMAD4"
"157",-0.178,1.614,-2.595,272,1,"MT-H","SMAD4"
"173",1.025,2.81,0.302,272,0.0077572314,"MT-H","SMAD4"
"233",-0.599,1.136,-2.985,278,0.7890926006,"MT-H","SMAD4"
"267",-0.35,0.426,-1.206,367,0.4518137879,"MT-H","SMAD4"
"268",NA,0.096,-Inf,274,0.0591158036,"MT-H","SMAD4"
"323",0.276,1.157,-0.7,316,0.5201976418,"MT-H","SMAD4"
"msi_other_htsp",-0.856,0.221,-2.138,329,0.1236705266,"MT-H","SMAD4"
"msi_non_htsp",-0.229,0.427,-0.935,407,0.5859917424,"MT-H","SMAD4"
"lof",-0.202,0.282,-0.705,568,0.4170567289,"MT-H","SMAD4"
"wt",-0.024,1.392,-1.772,281,1,"MT-H","SMAD4"
"synonymous",0.653,2.168,-1.154,271,0.3756017456,"MT-H","SMAD4"
"130",0.29,1.511,-1.01,539,0.6794772666,"MT-H","KRAS"
"157",0.051,1.466,-1.508,536,1,"MT-H","KRAS"
"173",-0.028,1.198,-1.366,541,1,"MT-H","KRAS"
"233",0.29,1.511,-1.01,539,0.6794772666,"MT-H","KRAS"
"267",-0.187,0.394,-0.79,613,0.5587514947,"MT-H","KRAS"
"268",-1.025,0.333,-3.886,539,0.1467750279,"MT-H","KRAS"
"323",0.372,1.089,-0.367,569,0.3157841174,"MT-H","KRAS"
"msi_other_htsp",-0.35,0.385,-1.129,582,0.3998501804,"MT-H","KRAS"
"msi_non_htsp",0.084,0.575,-0.418,640,0.7348470099,"MT-H","KRAS"
"lof",0.011,0.379,-0.361,769,0.9495017935,"MT-H","KRAS"
"wt",-0.545,0.67,-1.919,546,0.4474144695,"MT-H","KRAS"
"synonymous",1.025,2.423,-0.292,533,0.1063943428,"MT-H","KRAS"
