"hotspot","log2_odds","upper","bottom","n_samples","p_value","Assigned","gene","log2_odds_signif","log2_odds_signif_cutoff","log2_pval","log2_pval_noabs"
"130",-0.395,0.16,-0.926,34973,0.1405132293,"MT-L","APC",NA,1.025,-0.852282785071954,-0.852282785071954
"136",-0.155,1.459,-1.536,34938,0.8102705185,"MT-L","APC",NA,1.025,-0.0913699625068004,-0.0913699625068004
"173",-0.292,0.427,-0.967,34957,0.3912507244,"MT-L","APC",NA,1.025,-0.407544845349312,-0.407544845349312
"233",0.633,1.611,-0.233,34945,0.1868648532,"MT-L","APC",NA,1.025,-0.728472375971036,0.728472375971036
"319",-0.117,0.792,-0.949,34948,0.7702979463,"MT-L","APC",NA,1.025,-0.113341260014646,-0.113341260014646
"323",-0.358,1.019,-1.581,34940,0.5135918112,"MT-L","APC",NA,1.025,-0.289381909353153,-0.289381909353153
"mss_other_htsp",0.206,0.567,-0.142,35017,0.2670716276,"MT-L","APC",NA,1.025,-0.573372246876601,0.573372246876601
"mss_non_htsp",0.107,0.353,-0.134,35113,0.4084492552,"MT-L","APC",NA,1.025,-0.388861891531946,0.388861891531946
"lof",0.169,0.369,-0.027,35205,0.0895899419,"MT-L","APC",NA,1.025,-1.04774074505353,1.04774074505353
"wt",0.436,1.284,-0.332,34949,0.3288063664,"MT-L","APC",NA,1.025,-0.483059782173282,0.483059782173282
"synonymous",-0.739,0.564,-1.916,25895,0.181001508,"MT-L","APC",NA,1.025,-0.742317806825012,-0.742317806825012
"130",-1.025,-0.941,-1.909,34619,8e-09,"MT-L","TP53",-1.025,1.025,-8.09691001300806,-8.09691001300806
"136",-1.025,-0.614,-3.127,34565,0.001470971,"MT-L","TP53",-1.025,1.025,-2.83239588924672,-2.83239588924672
"173",-1.025,-0.809,-2.028,34595,4.4854e-06,"MT-L","TP53",-1.025,1.025,-5.34819882128285,-5.34819882128285
"233",-1.025,-0.743,-2.059,34589,2.06445e-05,"MT-L","TP53",-1.025,1.025,-4.68519563106831,-4.68519563106831
"319",-1.025,-0.483,-1.969,34580,0.0007692578,"MT-L","TP53",-1.025,1.025,-3.11392809146687,-3.11392809146687
"323",-0.525,0.785,-1.713,34561,0.3843219201,"MT-L","TP53",NA,1.025,-0.415304844505249,-0.415304844505249
"mss_other_htsp",-1.025,-1.101,-1.669,34739,1e-10,"MT-L","TP53",-1.025,1.025,-10,-10
"mss_non_htsp",-1.025,-0.901,-1.308,34887,1e-10,"MT-L","TP53",-1.025,1.025,-10,-10
"lof",-1.025,-1.116,-1.44,35108,1e-10,"MT-L","TP53",-1.025,1.025,-10,-10
"wt",-0.426,0.262,-1.079,34580,0.1866685811,"MT-L","TP53",NA,1.025,-0.728928773658627,-0.728928773658627
"synonymous",-0.827,0.423,-1.978,25420,0.1285223193,"MT-L","TP53",NA,1.025,-0.891021445818128,-0.891021445818128
"130",0.631,1.174,0.059,8125,0.0248369535,"MT-L","PIK3CA",NA,1.025,-1.60490167577727,1.60490167577727
"136",1.025,2.404,-0.307,8029,0.0709187035,"MT-L","PIK3CA",NA,1.025,-1.14923921255142,1.14923921255142
"173",0.164,0.902,-0.644,8090,0.6901253757,"MT-L","PIK3CA",NA,1.025,-0.161072003424502,0.161072003424502
"233",0.524,1.268,-0.28,8076,0.1547844545,"MT-L","PIK3CA",NA,1.025,-0.810272659052905,0.810272659052905
"319",0.254,1.123,-0.71,8066,0.5279387681,"MT-L","PIK3CA",NA,1.025,-0.27741644530402,0.27741644530402
"323",0.979,2.167,-0.332,8033,0.0938082991,"MT-L","PIK3CA",NA,1.025,-1.02775873844505,1.02775873844505
"mss_other_htsp",0.924,1.232,0.61,8317,1.31e-08,"MT-L","PIK3CA",0.924,1.025,-7.88272870434424,7.88272870434424
"mss_non_htsp",0.834,1.054,0.611,8639,1e-10,"MT-L","PIK3CA",0.834,1.025,-10,10
"lof",0.767,0.946,0.585,9003,1e-10,"MT-L","PIK3CA",0.767,1.025,-10,10
"wt",0.881,1.533,0.193,8082,0.0080705217,"MT-L","PIK3CA",NA,1.025,-2.09309839041945,2.09309839041945
"synonymous",0.638,1.851,-0.733,5912,0.2523345263,"MT-L","PIK3CA",NA,1.025,-0.598023321992579,0.598023321992579
"130",0.375,0.927,-0.208,8841,0.1804561686,"MT-L","SMAD4",NA,1.025,-0.743628267701719,0.743628267701719
"136",0.687,2.015,-0.815,8744,0.3090693519,"MT-L","SMAD4",NA,1.025,-0.509944058542747,0.509944058542747
"173",0.524,1.2,-0.195,8798,0.1231091765,"MT-L","SMAD4",NA,1.025,-0.909709573756107,0.909709573756107
"233",-0.038,0.764,-0.924,8794,1,"MT-L","SMAD4",NA,1.025,0,0
"319",0.576,1.38,-0.289,8776,0.1658918727,"MT-L","SMAD4",NA,1.025,-0.780174890214353,0.780174890214353
"323",-0.273,1.139,-2.015,8751,0.8209802231,"MT-L","SMAD4",NA,1.025,-0.0856673046369419,-0.0856673046369419
"mss_other_htsp",0.721,1.03,0.405,9034,7.1864e-06,"MT-L","SMAD4",0.721,1.025,-5.14348861332702,5.14348861332702
"mss_non_htsp",0.366,0.597,0.13,9388,0.0020825933,"MT-L","SMAD4",0.366,1.025,-2.68139553313005,2.68139553313005
"lof",0.569,0.749,0.386,9724,1.4e-09,"MT-L","SMAD4",0.569,1.025,-8.85387196432176,8.85387196432176
"wt",0.086,0.81,-0.702,8804,0.7986076276,"MT-L","SMAD4",NA,1.025,-0.0976665461216831,0.0976665461216831
"synonymous",0.119,1.378,-1.34,6849,0.8267066383,"MT-L","SMAD4",NA,1.025,-0.0826485750545989,0.0826485750545989
"130",0.958,1.472,0.458,22274,8.20768e-05,"MT-L","KRAS",0.958,1.025,-4.08577958412107,4.08577958412107
"136",0.856,2.217,-0.409,22231,0.1651364291,"MT-L","KRAS",NA,1.025,-0.782157110795773,0.782157110795773
"173",0.725,1.357,0.109,22259,0.0189373761,"MT-L","KRAS",NA,1.025,-1.72268019556681,1.72268019556681
"233",0.951,1.653,0.276,22251,0.004251732,"MT-L","KRAS",0.951,1.025,-2.37143411822901,2.37143411822901
"319",0.367,1.109,-0.362,22252,0.3321711981,"MT-L","KRAS",NA,1.025,-0.478638027057762,0.478638027057762
"323",0.218,1.364,-0.911,22236,0.7179138552,"MT-L","KRAS",NA,1.025,-0.143927665027617,0.143927665027617
"mss_other_htsp",1.025,1.325,0.73,22366,1e-10,"MT-L","KRAS",1.025,1.025,-10,10
"mss_non_htsp",0.579,0.78,0.379,22575,7.5e-09,"MT-L","KRAS",0.579,1.025,-8.1249387366083,8.1249387366083
"lof",0.907,1.073,0.743,22703,1e-10,"MT-L","KRAS",0.907,1.025,-10,10
"wt",0.442,1.055,-0.162,22264,0.156511403,"MT-L","KRAS",NA,1.025,-0.805454015436583,0.805454015436583
"synonymous",-0.387,0.722,-1.519,16728,0.4773949267,"MT-L","KRAS",NA,1.025,-0.321122200574137,-0.321122200574137
