Codon	Muts
1	3
2	0
3	1
4	0
5	4
6	2
7	2
8	1
9	0
10	2
11	1
12	1
13	3
14	1
15	11
16	4
17	2
18	0
19	1
20	1
21	2
22	1
23	1
24	11
25	2
26	1
27	14
28	2
29	0
30	0
31	9
32	2
33	22
34	4
35	9
36	14
37	0
38	8
39	5
40	0
41	4
42	2
43	3
44	3
45	6
46	1
47	8
48	3
49	3
50	0
51	0
52	4
53	4
54	2
55	4
56	3
57	0
58	0
59	0
60	2
61	2
62	2
63	2
64	0
65	2
66	9
67	2
68	16
69	3
70	2
71	2
72	1
73	0
74	1
75	0
76	7
77	0
78	0
79	7
80	2
81	2
82	1
83	0
84	0
85	1
86	1
87	0
88	0
89	1
90	1
91	0
92	9
93	14
94	1
95	7
96	9
97	0
98	1
99	0
100	1
101	8
102	0
103	0
104	2
105	6
106	0
107	5
108	5
109	0
110	0
111	3
112	1
113	1
114	0
115	1
116	1
117	2
118	0
119	2
120	2
121	1
122	5
123	9
124	8
125	3
126	15
127	10
128	7
129	10
130	91
131	7
132	7
133	2
134	10
135	5
136	20
137	1
138	6
139	1
140	0
141	1
142	11
143	1
144	1
145	1
146	0
147	1
148	2
149	0
150	1
151	0
152	2
153	0
154	3
155	12
156	2
157	0
158	0
159	9
160	3
161	0
162	1
163	0
164	1
165	11
166	2
167	0
168	2
169	1
170	8
171	6
172	1
173	110
174	1
175	2
176	0
177	3
178	5
179	0
180	0
181	2
182	2
183	4
184	0
185	1
186	2
187	0
188	0
189	0
190	0
191	0
192	1
193	4
194	1
195	1
196	1
197	1
198	1
199	3
200	1
201	0
202	0
203	0
204	4
205	3
206	1
207	0
208	0
209	4
210	0
211	1
212	0
213	1
214	2
215	1
216	0
217	2
218	1
219	1
220	1
221	0
222	1
223	1
224	1
225	0
226	1
227	0
228	1
229	0
230	1
231	0
232	0
233	2
234	5
235	0
236	1
237	0
238	0
239	0
240	0
241	2
242	1
243	0
244	1
245	1
246	14
247	1
248	0
249	2
250	0
251	5
252	8
253	3
254	0
255	3
256	0
257	5
258	0
259	0
260	1
261	0
262	0
263	0
264	0
265	1
266	0
267	1
268	0
269	2
270	2
271	1
272	3
273	0
274	1
275	1
276	4
277	7
278	1
279	0
280	0
281	0
282	1
283	1
284	0
285	1
286	0
287	1
288	1
289	0
290	0
291	2
292	0
293	0
294	0
295	0
296	0
297	0
298	2
299	0
300	0
301	1
302	0
303	0
304	0
305	0
306	1
307	0
308	3
309	0
310	2
311	1
312	0
313	1
314	2
315	0
316	1
317	1
318	0
319	0
320	4
321	1
322	2
323	0
324	1
325	3
326	1
327	0
328	0
329	0
330	0
331	0
332	1
333	1
334	2
335	2
336	0
337	0
338	1
339	0
340	1
341	5
342	1
343	2
344	0
345	2
346	1
347	1
348	1
349	0
350	0
351	0
352	0
353	0
354	1
355	0
356	0
357	1
358	0
359	0
360	0
361	0
362	0
363	1
364	0
365	0
366	2
367	0
368	0
369	1
370	0
371	1
372	0
373	0
374	0
375	0
376	0
377	0
378	0
379	0
380	0
381	0
382	1
383	0
384	0
385	0
386	0
387	0
388	0
389	0
390	0
391	0
392	1
393	0
394	0
395	1
396	0
397	0
398	0
399	0
400	0
401	0
402	0
403	0
404	4