"codon","Freq","cutoff","p_value","Freq_prop","pred_prob_sum","data","value","impact","lof_prop","max_value","codon_label"
130,105,6,2.10722078390628e-23,0.0305765870704718,0.00652697302693967,"FMI",1,NA,1,1,"130"
130,105,6,2.10722078390628e-23,0.0305765870704718,0.00652697302693967,"PRED",0.887941711120749,NA,1,1,"130"
173,65,6,2.10722078390628e-23,0.0189283634245778,0.00570085139053073,"FMI",0.619047619047619,NA,0.765314281265548,0.775554566819838,"173"
173,65,6,2.10722078390628e-23,0.0189283634245778,0.00570085139053073,"PRED",0.775554566819838,NA,0.765314281265548,0.775554566819838,"173"
232,65,6,2.10722078390628e-23,0.0189283634245778,0.00652697302693967,"FMI",0.619047619047619,NA,0.595314943446088,0.887941711120749,"233"
232,65,6,2.10722078390628e-23,0.0189283634245778,0.00652697302693967,"PRED",0.887941711120749,NA,0.595314943446088,0.887941711120749,"233"
136,18,6,4.26481225674085e-12,0.0052417006406523,0.00312880544762767,"FMI",0.171428571428571,NA,0.347568351161668,0.425648589547345,"136"
136,18,6,4.26481225674085e-12,0.0052417006406523,0.00312880544762767,"PRED",0.425648589547345,NA,0.347568351161668,0.425648589547345,"136"
68,16,6,3.02133657154086e-10,0.0046592894583576,0.00251689173338662,"FMI",0.152380952380952,NA,0.328606577232971,0.342402694667922,"68"
68,16,6,3.02133657154086e-10,0.0046592894583576,0.00251689173338662,"PRED",0.342402694667922,NA,0.328606577232971,0.342402694667922,"68"
308,2,6,0.412619120322477,0.0005824111822947,0.00735067735324811,"FMI",0.019047619047619,NA,0,1,"308"
308,2,6,0.412619120322477,0.0005824111822947,0.00735067735324811,"PRED",1,NA,0,1,"308"
234,1,6,1,0.00029120559114735,0.00711190589119905,"FMI",0.00952380952380952,NA,0,0.967517080321373,"234"
234,1,6,1,0.00029120559114735,0.00711190589119905,"PRED",0.967517080321373,NA,0,0.967517080321373,"234"
286,NA,NA,NA,NA,NA,NA,NA,"PTM",NA,NA,"286"
289,NA,NA,NA,NA,NA,NA,NA,"PTM",NA,NA,"289"
336,NA,NA,NA,NA,NA,NA,NA,"PTM",NA,NA,"336"
366,NA,NA,NA,NA,NA,NA,NA,"PTM",NA,NA,"366"
370,NA,NA,NA,NA,NA,NA,NA,"PTM",NA,NA,"370"
321,NA,NA,NA,NA,NA,NA,NA,"PTM",NA,NA,"321"
382,NA,NA,NA,NA,NA,NA,NA,"PTM",NA,NA,"382"
383,NA,NA,NA,NA,NA,NA,NA,"PTM",NA,NA,"383"
385,NA,NA,NA,NA,NA,NA,NA,"PTM",NA,NA,"385"
402,NA,NA,NA,NA,NA,NA,NA,"PTM",NA,NA,"402"
398,NA,NA,NA,NA,NA,NA,NA,"PTM",NA,NA,"398"
254,NA,NA,NA,NA,NA,NA,NA,"PTM",NA,NA,"254"
229,NA,NA,NA,NA,NA,NA,NA,"PTM",NA,NA,"229"
128,NA,NA,NA,NA,NA,NA,NA,"PTM",NA,NA,"128"
125,NA,NA,NA,NA,NA,NA,NA,"PTM",NA,NA,"125"
83,NA,NA,NA,NA,NA,NA,NA,"PTM",NA,NA,"83"
13,NA,NA,NA,NA,NA,NA,NA,"PTM",NA,NA,"13"
92,NA,NA,NA,NA,NA,NA,NA,"active_site",NA,NA,"92"
93,NA,NA,NA,NA,NA,NA,NA,"active_site",NA,NA,"93"
124,NA,NA,NA,NA,NA,NA,NA,"active_site",NA,NA,"124"
125,NA,NA,NA,NA,NA,NA,NA,"active_site",NA,NA,"125"
126,NA,NA,NA,NA,NA,NA,NA,"active_site",NA,NA,"126"
171,NA,NA,NA,NA,NA,NA,NA,"active_site",NA,NA,"171"
163,NA,NA,NA,NA,NA,NA,NA,"PTM",NA,NA,"163"
240,NA,NA,NA,NA,NA,NA,NA,"PTM",NA,NA,"240"
