amino_acid_change,synonymous,rel_prob,codon_position
P246P,1,0.1101130281010911,246
P354P,1,0.1101130281010911,354
R130*,0,0.1071528924369747,130
R233*,0,0.1071528924369747,233
R234W,0,0.1071528924369747,234
R308H,0,0.1071528924369747,308
V45I,0,0.1071528924369747,45
V9I,0,0.1071528924369747,9
G208G,1,0.07222696596638649,208
G44G,1,0.07222696596638649,44
A79T,0,0.06973486310359958,79
R173C,0,0.06973486310359958,173
R173H,0,0.06973486310359958,173
R308C,0,0.06973486310359958,308
T78T,1,0.06675701130691075,78
L345L,1,0.06462458853631002,345
G209R,0,0.06430907386805462,209
L181L,1,0.06408870170262132,181
P246L,0,0.0627762131192775,246
P354L,0,0.0627762131192775,354
R142Q,0,0.0627762131192775,142
R234Q,0,0.0627762131192775,234
R335*,0,0.0627762131192775,335
L193L,1,0.06068080199423051,193
I300I,1,0.050378703508716885,300
I8I,1,0.050378703508716885,8
M199I,0,0.04805036884798694,199
M205I,0,0.04805036884798694,205
M239I,0,0.04805036884798694,239
M270I,0,0.04805036884798694,270
V175V,1,0.04805036884798694,175
V249V,1,0.04805036884798694,249
L186L,1,0.04799307864354695,186
D22N,0,0.047652748958986545,22
D301N,0,0.047652748958986545,301
F21F,1,0.047652748958986545,21
R130Q,0,0.047652748958986545,130
R142W,0,0.047652748958986545,142
R233Q,0,0.047652748958986545,233
R335Q,0,0.047652748958986545,335
L295L,1,0.04363338615013168,295
V217V,1,0.03986731961306909,217
V403V,1,0.03986731961306909,403
W111*,0,0.03975183557632006,111
L194L,1,0.037989051837451375,194
L112L,1,0.03761303622852123,112
L220L,1,0.03761303622852123,220
L265L,1,0.03761303622852123,265
G143G,1,0.037026800821522626,143
M264I,0,0.037026800821522626,264
F278L,0,0.03697282236297502,278
F154L,0,0.0360813277530415,154
F257L,0,0.03498661398783392,257
F104L,0,0.034529179650068985,104
F273L,0,0.034529179650068985,273
F337L,0,0.034529179650068985,337
F145L,0,0.033670322130941926,145
W274*,0,0.03352491939671389,274
L70L,1,0.03277882752100839,70
A333A,1,0.03205287507838955,333
A3A,1,0.03205287507838955,3
A79A,1,0.03205287507838955,79
M35I,0,0.03205287507838955,35
P169P,1,0.03205287507838955,169
P231P,1,0.03205287507838955,231
S227S,1,0.03205287507838955,227
T160T,1,0.03205287507838955,160
T382T,1,0.03205287507838955,382
V191V,1,0.03205287507838955,191
V216V,1,0.03205287507838955,216
F56L,0,0.03168411375580082,56
F279L,0,0.030463245494167807,279
F347L,0,0.030463245494167807,347
L139L,1,0.030303356769722813,139
P391P,1,0.030104752151009648,391
P89P,1,0.030104752151009648,89
T210T,1,0.030104752151009648,210
T319T,1,0.030104752151009648,319
T363T,1,0.030104752151009648,363
P103P,1,0.030063027593126797,103
S226S,1,0.030063027593126797,226
T26T,1,0.030063027593126797,26
T286T,1,0.030063027593126797,286
L57L,1,0.0299661546093064,57
R142R,1,0.028636269644424922,142
M134I,0,0.02845352606923365,134
M198I,0,0.02845352606923365,198
M1I,0,0.02845352606923365,1
V222V,1,0.02845352606923365,222
V343V,1,0.02845352606923365,343
F258L,0,0.02836256135708014,258
V45V,1,0.02769318258497429,45
F206L,0,0.02761817959989965,206
F238L,0,0.02761817959989965,238
R234R,1,0.02739360793302394,234
R173R,1,0.027279401818637895,173
R14R,1,0.027256351414147735,14
R159R,1,0.027256351414147735,159
C105Y,0,0.02692955389752915,105
C124Y,0,0.02692955389752915,124
C136Y,0,0.02692955389752915,136
C250Y,0,0.02692955389752915,250
C296Y,0,0.02692955389752915,296
C71Y,0,0.02692955389752915,71
D116D,1,0.02692955389752915,116
D162D,1,0.02692955389752915,162
D236D,1,0.02692955389752915,236
D268D,1,0.02692955389752915,268
D312D,1,0.02692955389752915,312
D326D,1,0.02692955389752915,326
D331D,1,0.02692955389752915,331
D371D,1,0.02692955389752915,371
D381D,1,0.02692955389752915,381
D77D,1,0.02692955389752915,77
H141Y,0,0.02692955389752915,141
H196H,1,0.02692955389752915,196
H259H,1,0.02692955389752915,259
H75Y,0,0.02692955389752915,75
N12N,1,0.02692955389752915,12
N262N,1,0.02692955389752915,262
N31N,1,0.02692955389752915,31
N48N,1,0.02692955389752915,48
Q149*,0,0.02692955389752915,149
Q261*,0,0.02692955389752915,261
Q399*,0,0.02692955389752915,399
Q87*,0,0.02692955389752915,87
Q97*,0,0.02692955389752915,97
T232I,0,0.02692955389752915,232
T277I,0,0.02692955389752915,277
T2I,0,0.02692955389752915,2
T321I,0,0.02692955389752915,321
T348I,0,0.02692955389752915,348
T350I,0,0.02692955389752915,350
T366I,0,0.02692955389752915,366
T398I,0,0.02692955389752915,398
T401I,0,0.02692955389752915,401
V119I,0,0.02692955389752915,119
V133I,0,0.02692955389752915,133
V175M,0,0.02692955389752915,175
V216M,0,0.02692955389752915,216
V249M,0,0.02692955389752915,249
V365I,0,0.02692955389752915,365
V369I,0,0.02692955389752915,369
V53I,0,0.02692955389752915,53
Y46Y,1,0.02692955389752915,46
Y65Y,1,0.02692955389752915,65
Y68Y,1,0.02692955389752915,68
A151A,1,0.025910315094694582,151
G156G,1,0.025910315094694582,156
I101I,1,0.025876019070613304,101
I253I,1,0.025876019070613304,253
I4I,1,0.025876019070613304,4
I5I,1,0.025876019070613304,5
L25L,1,0.025799408243446623,25
F243L,0,0.025517495462811984,243
L98L,1,0.025463863160040123,98
F81L,0,0.02500421024081274,81
L152L,1,0.024927976326351426,152
L316L,1,0.024829847036874443,316
R172R,1,0.024492810055813354,172
L140L,1,0.02417360916530791,140
F341L,0,0.024112715630879213,341
E388D,0,0.02392711604791169,388
E7D,0,0.02392711604791169,7
K183N,0,0.02392711604791169,183
K197N,0,0.02392711604791169,197
K223N,0,0.02392711604791169,223
K263N,0,0.02392711604791169,263
K66N,0,0.02392711604791169,66
Q171H,0,0.02392711604791169,171
Q261H,0,0.02392711604791169,261
R55R,1,0.022436805158033354,55
L247L,1,0.022187400790166803,247
A148T,0,0.021939892672143475,148
A151T,0,0.021939892672143475,151
A151V,0,0.021939892672143475,151
A192T,0,0.021939892672143475,192
A333V,0,0.021939892672143475,333
A359T,0,0.021939892672143475,359
A3V,0,0.021939892672143475,3
A79V,0,0.021939892672143475,79
C218C,1,0.021939892672143475,218
G143D,0,0.021939892672143475,143
G208D,0,0.021939892672143475,208
G44D,0,0.021939892672143475,44
P246S,0,0.021939892672143475,246
P354S,0,0.021939892672143475,354
I28I,1,0.021621874256866923,28
I303I,1,0.021621874256866923,303
A137A,1,0.021602705756929637,137
T277T,1,0.021602705756929637,277
L146L,1,0.021234524319578573,146
L320L,1,0.021234524319578573,320
D116E,0,0.021120814950457794,116
D162E,0,0.021120814950457794,162
D236E,0,0.021120814950457794,236
D268E,0,0.021120814950457794,268
D312E,0,0.021120814950457794,312
D326E,0,0.021120814950457794,326
D331E,0,0.021120814950457794,331
D371E,0,0.021120814950457794,371
D381E,0,0.021120814950457794,381
D77E,0,0.021120814950457794,77
H196Q,0,0.021120814950457794,196
H259Q,0,0.021120814950457794,259
L194F,0,0.021120814950457794,194
N12K,0,0.021120814950457794,12
N262K,0,0.021120814950457794,262
N31K,0,0.021120814950457794,31
N48K,0,0.021120814950457794,48
V133L,0,0.021120814950457794,133
V175L,0,0.021120814950457794,175
V216L,0,0.021120814950457794,216
V249L,0,0.021120814950457794,249
V365L,0,0.021120814950457794,365
V53L,0,0.021120814950457794,53
Y46*,0,0.021120814950457794,46
Y65*,0,0.021120814950457794,65
Y68*,0,0.021120814950457794,68
L100L,1,0.021038816540198162,100
L318L,1,0.021038816540198162,318
V133V,1,0.021038816540198162,133
V158V,1,0.021038816540198162,158
V166V,1,0.021038816540198162,166
V275V,1,0.021038816540198162,275
V365V,1,0.021038816540198162,365
V369V,1,0.021038816540198162,369
V54V,1,0.021038816540198162,54
V9V,1,0.021038816540198162,9
A120T,0,0.02098450525210083,120
A120V,0,0.02098450525210083,120
A121V,0,0.02098450525210083,121
A137T,0,0.02098450525210083,137
A137V,0,0.02098450525210083,137
A148V,0,0.02098450525210083,148
A192V,0,0.02098450525210083,192
A309T,0,0.02098450525210083,309
A309V,0,0.02098450525210083,309
A328V,0,0.02098450525210083,328
A34T,0,0.02098450525210083,34
A39T,0,0.02098450525210083,39
A39V,0,0.02098450525210083,39
A72T,0,0.02098450525210083,72
A86T,0,0.02098450525210083,86
A86V,0,0.02098450525210083,86
C211C,1,0.02098450525210083,211
C211Y,0,0.02098450525210083,211
C218Y,0,0.02098450525210083,218
C304C,1,0.02098450525210083,304
C304Y,0,0.02098450525210083,304
C83C,1,0.02098450525210083,83
C83Y,0,0.02098450525210083,83
H397Y,0,0.02098450525210083,397
H61Y,0,0.02098450525210083,61
S10S,1,0.02098450525210083,10
S302S,1,0.02098450525210083,302
S360S,1,0.02098450525210083,360
E201D,0,0.020624615815878586,201
E285D,0,0.020624615815878586,285
E288D,0,0.020624615815878586,288
E291D,0,0.020624615815878586,291
E299D,0,0.020624615815878586,299
E40D,0,0.020624615815878586,40
E73D,0,0.020624615815878586,73
K13N,0,0.020624615815878586,13
K163N,0,0.020624615815878586,163
K266N,0,0.020624615815878586,266
K269N,0,0.020624615815878586,269
K322N,0,0.020624615815878586,322
K349N,0,0.020624615815878586,349
K62N,0,0.020624615815878586,62
Q399H,0,0.020624615815878586,399
F241L,0,0.020437803144989334,241
R47R,1,0.02026240736234792,47
G127R,0,0.020155735093440354,127
G156R,0,0.020155735093440354,156
G20R,0,0.020155735093440354,20
G293R,0,0.020155735093440354,293
L182L,1,0.020139810554370995,182
L23L,1,0.01988475689201053,23
F37L,0,0.019011376959739118,37
D107Y,0,0.019005281597265763,107
D115Y,0,0.019005281597265763,115
D153Y,0,0.019005281597265763,153
D162Y,0,0.019005281597265763,162
D236Y,0,0.019005281597265763,236
D24Y,0,0.019005281597265763,24
D310Y,0,0.019005281597265763,310
D331Y,0,0.019005281597265763,331
D368Y,0,0.019005281597265763,368
D395Y,0,0.019005281597265763,395
D92Y,0,0.019005281597265763,92
E150*,0,0.019005281597265763,150
E18*,0,0.019005281597265763,18
E256*,0,0.019005281597265763,256
E284*,0,0.019005281597265763,284
E288*,0,0.019005281597265763,288
E291*,0,0.019005281597265763,291
E299*,0,0.019005281597265763,299
E307*,0,0.019005281597265763,307
E352*,0,0.019005281597265763,352
E358*,0,0.019005281597265763,358
E388*,0,0.019005281597265763,388
E40*,0,0.019005281597265763,40
E7*,0,0.019005281597265763,7
E99*,0,0.019005281597265763,99
L108I,0,0.019005281597265763,108
L186M,0,0.019005281597265763,186
L295I,0,0.019005281597265763,295
L316I,0,0.019005281597265763,316
L325I,0,0.019005281597265763,325
L70I,0,0.019005281597265763,70
R11I,0,0.019005281597265763,11
R15I,0,0.019005281597265763,15
R161I,0,0.019005281597265763,161
R189I,0,0.019005281597265763,189
R378I,0,0.019005281597265763,378
R41I,0,0.019005281597265763,41
R74I,0,0.019005281597265763,74
R84I,0,0.019005281597265763,84
S338Y,0,0.019005281597265763,338
S364Y,0,0.019005281597265763,364
S380Y,0,0.019005281597265763,380
S385Y,0,0.019005281597265763,385
W111R,0,0.01877410405430829,111
I32I,1,0.01874180802709143,32
I400I,1,0.01874180802709143,400
F392L,0,0.01868745101592876,392
F90L,0,0.01868745101592876,90
G230R,0,0.018518970663489266,230
G282R,0,0.018518970663489266,282
A120A,1,0.018359202389313933,120
A126A,1,0.018359202389313933,126
A309A,1,0.018359202389313933,309
A39A,1,0.018359202389313933,39
A72A,1,0.018359202389313933,72
P190P,1,0.018359202389313933,190
P248P,1,0.018359202389313933,248
P281P,1,0.018359202389313933,281
P283P,1,0.018359202389313933,283
P357P,1,0.018359202389313933,357
P367P,1,0.018359202389313933,367
P374P,1,0.018359202389313933,374
P387P,1,0.018359202389313933,387
P38P,1,0.018359202389313933,38
S229S,1,0.018359202389313933,229
S287S,1,0.018359202389313933,287
S364S,1,0.018359202389313933,364
S380S,1,0.018359202389313933,380
S385S,1,0.018359202389313933,385
T131T,1,0.018359202389313933,131
T2T,1,0.018359202389313933,2
T350T,1,0.018359202389313933,350
T383T,1,0.018359202389313933,383
S113R,0,0.01835046744638153,113
D252D,1,0.018149145064593003,252
D301D,1,0.018149145064593003,301
D310D,1,0.018149145064593003,310
H397H,1,0.018149145064593003,397
H61H,1,0.018149145064593003,61
H93H,1,0.018149145064593003,93
I101V,0,0.018149145064593003,101
I135M,0,0.018149145064593003,135
I135T,0,0.018149145064593003,135
I168V,0,0.018149145064593003,168
I203V,0,0.018149145064593003,203
I224M,0,0.018149145064593003,224
I224T,0,0.018149145064593003,224
I253V,0,0.018149145064593003,253
I280T,0,0.018149145064593003,280
I28V,0,0.018149145064593003,28
I306T,0,0.018149145064593003,306
I306V,0,0.018149145064593003,306
I33V,0,0.018149145064593003,33
I50V,0,0.018149145064593003,50
I67M,0,0.018149145064593003,67
I67T,0,0.018149145064593003,67
M35V,0,0.018149145064593003,35
N276N,1,0.018149145064593003,276
N329N,1,0.018149145064593003,329
N49N,1,0.018149145064593003,49
Y138C,0,0.018149145064593003,138
Y138H,0,0.018149145064593003,138
Y155C,0,0.018149145064593003,155
Y16C,0,0.018149145064593003,16
Y16H,0,0.018149145064593003,16
Y174C,0,0.018149145064593003,174
Y176C,0,0.018149145064593003,176
Y177C,0,0.018149145064593003,177
Y178C,0,0.018149145064593003,178
Y178Y,1,0.018149145064593003,178
Y188C,0,0.018149145064593003,188
Y188Y,1,0.018149145064593003,188
Y225C,0,0.018149145064593003,225
Y225H,0,0.018149145064593003,225
Y27C,0,0.018149145064593003,27
Y27Y,1,0.018149145064593003,27
Y29C,0,0.018149145064593003,29
Y315C,0,0.018149145064593003,315
Y315H,0,0.018149145064593003,315
Y336H,0,0.018149145064593003,336
Y377C,0,0.018149145064593003,377
Y377Y,1,0.018149145064593003,377
Y379C,0,0.018149145064593003,379
Y379H,0,0.018149145064593003,379
Y46H,0,0.018149145064593003,46
Y68H,0,0.018149145064593003,68
Y76C,0,0.018149145064593003,76
Y88C,0,0.018149145064593003,88
Y88H,0,0.018149145064593003,88
R41R,1,0.018080007456415397,41
R74R,1,0.018080007456415397,74
G129R,0,0.017964751066098072,129
G165R,0,0.017964751066098072,165
G36R,0,0.017964751066098072,36
G132S,0,0.017811942904176585,132
G208S,0,0.017811942904176585,208
G251S,0,0.017811942904176585,251
H259Y,0,0.017811942904176585,259
H64Y,0,0.017811942904176585,64
H93Y,0,0.017811942904176585,93
P190L,0,0.017811942904176585,190
P204L,0,0.017811942904176585,204
P281L,0,0.017811942904176585,281
P283L,0,0.017811942904176585,283
P30L,0,0.017811942904176585,30
P339L,0,0.017811942904176585,339
P357L,0,0.017811942904176585,357
P367L,0,0.017811942904176585,367
P387L,0,0.017811942904176585,387
P95L,0,0.017811942904176585,95
P96L,0,0.017811942904176585,96
Q110*,0,0.017811942904176585,110
Q219*,0,0.017811942904176585,219
F200L,0,0.01759273725072118,200
F215L,0,0.01759273725072118,215
F195L,0,0.017025168584598016,195
F271L,0,0.017025168584598016,271
R130R,1,0.01690117947761194,130
R335R,1,0.016878411927756173,335
D187N,0,0.016734293239683926,187
D19N,0,0.016734293239683926,19
D268N,0,0.016734293239683926,268
D58N,0,0.016734293239683926,58
E157K,0,0.016734293239683926,157
E235K,0,0.016734293239683926,235
E285K,0,0.016734293239683926,285
E314K,0,0.016734293239683926,314
E353K,0,0.016734293239683926,353
F243F,1,0.016734293239683926,243
F258F,1,0.016734293239683926,258
G127E,0,0.016734293239683926,127
G129E,0,0.016734293239683926,129
G165E,0,0.016734293239683926,165
G209E,0,0.016734293239683926,209
G20E,0,0.016734293239683926,20
G230E,0,0.016734293239683926,230
G282E,0,0.016734293239683926,282
G293E,0,0.016734293239683926,293
G36E,0,0.016734293239683926,36
P169S,0,0.016734293239683926,169
P204S,0,0.016734293239683926,204
P213S,0,0.016734293239683926,213
P30S,0,0.016734293239683926,30
P339S,0,0.016734293239683926,339
P357S,0,0.016734293239683926,357
P387S,0,0.016734293239683926,387
P38S,0,0.016734293239683926,38
P89S,0,0.016734293239683926,89
S226F,0,0.016734293239683926,226
S227F,0,0.016734293239683926,227
S10R,0,0.016595942907312172,10
S302R,0,0.016595942907312172,302
S360R,0,0.016595942907312172,360
A121T,0,0.01657421968832308,121
A126T,0,0.01657421968832308,126
A126V,0,0.01657421968832308,126
A328T,0,0.01657421968832308,328
A333T,0,0.01657421968832308,333
A34V,0,0.01657421968832308,34
A359V,0,0.01657421968832308,359
A3T,0,0.01657421968832308,3
A72V,0,0.01657421968832308,72
E307E,1,0.01657421968832308,307
E353E,1,0.01657421968832308,353
K344K,1,0.01657421968832308,344
K60K,1,0.01657421968832308,60
Q219Q,1,0.01657421968832308,219
Q245Q,1,0.01657421968832308,245
Q396Q,1,0.01657421968832308,396
Q97Q,1,0.01657421968832308,97
S10N,0,0.01657421968832308,10
S179N,0,0.01657421968832308,179
S179S,1,0.01657421968832308,179
S302N,0,0.01657421968832308,302
S360N,0,0.01657421968832308,360
L25F,0,0.016558681659977422,25
S229*,0,0.016558681659977422,229
S287*,0,0.016558681659977422,287
S355*,0,0.016558681659977422,355
S362*,0,0.016558681659977422,362
S59*,0,0.016558681659977422,59
F21L,0,0.01644140787971905,21
A148A,1,0.016405847585601405,148
A192A,1,0.016405847585601405,192
A86A,1,0.016405847585601405,86
G132G,1,0.016405847585601405,132
G251G,1,0.016405847585601405,251
P95P,1,0.016405847585601405,95
P96P,1,0.016405847585601405,96
R308R,1,0.016405847585601405,308
T232T,1,0.016405847585601405,232
T366T,1,0.016405847585601405,366
T398T,1,0.016405847585601405,398
E106D,0,0.01620018831681926,106
E114D,0,0.01620018831681926,114
E157D,0,0.01620018831681926,157
E235D,0,0.01620018831681926,235
E394D,0,0.01620018831681926,394
E43D,0,0.01620018831681926,43
E91D,0,0.01620018831681926,91
K125N,0,0.01620018831681926,125
K254N,0,0.01620018831681926,254
K289N,0,0.01620018831681926,289
K327N,0,0.01620018831681926,327
K330N,0,0.01620018831681926,330
K332N,0,0.01620018831681926,332
K402N,0,0.01620018831681926,402
K6N,0,0.01620018831681926,6
Q149H,0,0.01620018831681926,149
Q17H,0,0.01620018831681926,17
Q298H,0,0.01620018831681926,298
E150E,1,0.016038332854634383,150
E18E,1,0.016038332854634383,18
E284E,1,0.016038332854634383,284
E352E,1,0.016038332854634383,352
E358E,1,0.016038332854634383,358
G44S,0,0.016038332854634383,44
K128K,1,0.016038332854634383,128
K147K,1,0.016038332854634383,147
K164K,1,0.016038332854634383,164
K221K,1,0.016038332854634383,221
K267K,1,0.016038332854634383,267
K313K,1,0.016038332854634383,313
K342K,1,0.016038332854634383,342
P213L,0,0.016038332854634383,213
P244L,0,0.016038332854634383,244
P248L,0,0.016038332854634383,248
P374L,0,0.016038332854634383,374
P38L,0,0.016038332854634383,38
P391L,0,0.016038332854634383,391
P89L,0,0.016038332854634383,89
R14K,0,0.016038332854634383,14
R159K,0,0.016038332854634383,159
R172K,0,0.016038332854634383,172
R47K,0,0.016038332854634383,47
R55K,0,0.016038332854634383,55
D107N,0,0.015940203565157397,107
D115N,0,0.015940203565157397,115
D153N,0,0.015940203565157397,153
D162N,0,0.015940203565157397,162
D236N,0,0.015940203565157397,236
D24N,0,0.015940203565157397,24
D310N,0,0.015940203565157397,310
D331N,0,0.015940203565157397,331
D368N,0,0.015940203565157397,368
D395N,0,0.015940203565157397,395
D92N,0,0.015940203565157397,92
E150K,0,0.015940203565157397,150
E18K,0,0.015940203565157397,18
E256K,0,0.015940203565157397,256
E284K,0,0.015940203565157397,284
E288K,0,0.015940203565157397,288
E291K,0,0.015940203565157397,291
E299K,0,0.015940203565157397,299
E307K,0,0.015940203565157397,307
E352K,0,0.015940203565157397,352
E358K,0,0.015940203565157397,358
E388E,1,0.015940203565157397,388
E388K,0,0.015940203565157397,388
E40K,0,0.015940203565157397,40
E7E,1,0.015940203565157397,7
E7K,0,0.015940203565157397,7
E99K,0,0.015940203565157397,99
F154F,1,0.015940203565157397,154
F257F,1,0.015940203565157397,257
F278F,1,0.015940203565157397,278
K183K,1,0.015940203565157397,183
K197K,1,0.015940203565157397,197
K223K,1,0.015940203565157397,223
K263K,1,0.015940203565157397,263
K66K,1,0.015940203565157397,66
L108F,0,0.015940203565157397,108
L325F,0,0.015940203565157397,325
L70F,0,0.015940203565157397,70
Q171Q,1,0.015940203565157397,171
Q261Q,1,0.015940203565157397,261
R11K,0,0.015940203565157397,11
R15K,0,0.015940203565157397,15
R161K,0,0.015940203565157397,161
R189K,0,0.015940203565157397,189
R378K,0,0.015940203565157397,378
R41K,0,0.015940203565157397,41
R74K,0,0.015940203565157397,74
R84K,0,0.015940203565157397,84
S338F,0,0.015940203565157397,338
S364F,0,0.015940203565157397,364
S380F,0,0.015940203565157397,380
S385F,0,0.015940203565157397,385
G143S,0,0.015712976492537306,143
G156E,0,0.015712976492537306,156
P103L,0,0.015712976492537306,103
P169L,0,0.015712976492537306,169
P231L,0,0.015712976492537306,231
P244S,0,0.015712976492537306,244
P95S,0,0.015712976492537306,95
C105F,0,0.01554125567854007,105
C124F,0,0.01554125567854007,124
C136F,0,0.01554125567854007,136
C250F,0,0.01554125567854007,250
C296F,0,0.01554125567854007,296
C71F,0,0.01554125567854007,71
H141N,0,0.01554125567854007,141
H75N,0,0.01554125567854007,75
Q149K,0,0.01554125567854007,149
Q261K,0,0.01554125567854007,261
Q399K,0,0.01554125567854007,399
Q87K,0,0.01554125567854007,87
Q97K,0,0.01554125567854007,97
T232K,0,0.01554125567854007,232
T277K,0,0.01554125567854007,277
T2K,0,0.01554125567854007,2
T321K,0,0.01554125567854007,321
T348K,0,0.01554125567854007,348
T350K,0,0.01554125567854007,350
T366K,0,0.01554125567854007,366
T398K,0,0.01554125567854007,398
T401K,0,0.01554125567854007,401
V119F,0,0.01554125567854007,119
V369F,0,0.01554125567854007,369
G127G,1,0.015417886639282579,127
G209G,1,0.015417886639282579,209
G293G,1,0.015417886639282579,293
A121A,1,0.015216278540072741,121
A328A,1,0.015216278540072741,328
L108L,1,0.015216278540072741,108
L325L,1,0.015216278540072741,325
L42L,1,0.015216278540072741,42
P204P,1,0.015216278540072741,204
P30P,1,0.015216278540072741,30
P339P,1,0.015216278540072741,339
S355S,1,0.015216278540072741,355
S362S,1,0.015216278540072741,362
S59S,1,0.015216278540072741,59
T321T,1,0.015216278540072741,321
T348T,1,0.015216278540072741,348
T401T,1,0.015216278540072741,401
V119V,1,0.015216278540072741,119
V85V,1,0.015216278540072741,85
D153E,0,0.015126960328609053,153
D187E,0,0.015126960328609053,187
D58E,0,0.015126960328609053,58
E314D,0,0.015126960328609053,314
H376Q,0,0.015126960328609053,376
H64Q,0,0.015126960328609053,64
H75Q,0,0.015126960328609053,75
K144N,0,0.015126960328609053,144
K80N,0,0.015126960328609053,80
M134L,0,0.015126960328609053,134
M205L,0,0.015126960328609053,205
M270L,0,0.015126960328609053,270
N228K,0,0.015126960328609053,228
N340K,0,0.015126960328609053,340
N82K,0,0.015126960328609053,82
Q110H,0,0.015126960328609053,110
Q87H,0,0.015126960328609053,87
Y138*,0,0.015126960328609053,138
Y176*,0,0.015126960328609053,176
Y177*,0,0.015126960328609053,177
Y225*,0,0.015126960328609053,225
Y379*,0,0.015126960328609053,379
G165G,1,0.015099025517371124,165
P213P,1,0.015099025517371124,213
P244P,1,0.015099025517371124,244
S338S,1,0.015099025517371124,338
*404R,0,0.014831088266649944,404
R14S,0,0.014457997522889749,14
R159S,0,0.014457997522889749,159
R47S,0,0.014457997522889749,47
V317V,1,0.0144480354822526,317
G20G,1,0.014430474488900035,20
G36G,1,0.014430474488900035,36
L57F,0,0.014240932174212967,57
E150D,0,0.014024694738492409,150
E18D,0,0.014024694738492409,18
E284D,0,0.014024694738492409,284
E352D,0,0.014024694738492409,352
E358D,0,0.014024694738492409,358
K128N,0,0.014024694738492409,128
K147N,0,0.014024694738492409,147
K164N,0,0.014024694738492409,164
K221N,0,0.014024694738492409,221
K267N,0,0.014024694738492409,267
K313N,0,0.014024694738492409,313
K342N,0,0.014024694738492409,342
D109Y,0,0.013981174661357077,109
D116Y,0,0.013981174661357077,116
D252Y,0,0.013981174661357077,252
D297Y,0,0.013981174661357077,297
D312Y,0,0.013981174661357077,312
D324Y,0,0.013981174661357077,324
D326Y,0,0.013981174661357077,326
D371Y,0,0.013981174661357077,371
D375Y,0,0.013981174661357077,375
D381Y,0,0.013981174661357077,381
D384Y,0,0.013981174661357077,384
D386Y,0,0.013981174661357077,386
D393Y,0,0.013981174661357077,393
D51Y,0,0.013981174661357077,51
D52Y,0,0.013981174661357077,52
D77Y,0,0.013981174661357077,77
E106*,0,0.013981174661357077,106
E114*,0,0.013981174661357077,114
E201*,0,0.013981174661357077,201
E242*,0,0.013981174661357077,242
E373*,0,0.013981174661357077,373
E390*,0,0.013981174661357077,390
E394*,0,0.013981174661357077,394
E43*,0,0.013981174661357077,43
E73*,0,0.013981174661357077,73
E91*,0,0.013981174661357077,91
H118N,0,0.013981174661357077,118
H123N,0,0.013981174661357077,123
H185N,0,0.013981174661357077,185
H196N,0,0.013981174661357077,196
H272N,0,0.013981174661357077,272
H376N,0,0.013981174661357077,376
Q171K,0,0.013981174661357077,171
Q17K,0,0.013981174661357077,17
Q214K,0,0.013981174661357077,214
Q245K,0,0.013981174661357077,245
Q298K,0,0.013981174661357077,298
Q396K,0,0.013981174661357077,396
E106E,1,0.01390456383419039,106
E114E,1,0.01390456383419039,114
E157E,1,0.01390456383419039,157
E235E,1,0.01390456383419039,235
E394E,1,0.01390456383419039,394
E43E,1,0.01390456383419039,43
E91E,1,0.01390456383419039,91
K125K,1,0.01390456383419039,125
K128R,0,0.01390456383419039,128
K147R,0,0.01390456383419039,147
K164R,0,0.01390456383419039,164
K183R,0,0.01390456383419039,183
K197R,0,0.01390456383419039,197
K221R,0,0.01390456383419039,221
K223R,0,0.01390456383419039,223
K237R,0,0.01390456383419039,237
K254K,1,0.01390456383419039,254
K263R,0,0.01390456383419039,263
K267R,0,0.01390456383419039,267
K289K,1,0.01390456383419039,289
K313R,0,0.01390456383419039,313
K327K,1,0.01390456383419039,327
K330K,1,0.01390456383419039,330
K332K,1,0.01390456383419039,332
K342R,0,0.01390456383419039,342
K344R,0,0.01390456383419039,344
K402K,1,0.01390456383419039,402
K60R,0,0.01390456383419039,60
K66R,0,0.01390456383419039,66
K6K,1,0.01390456383419039,6
L100P,0,0.01390456383419039,100
L108P,0,0.01390456383419039,108
L318P,0,0.01390456383419039,318
L325P,0,0.01390456383419039,325
L42P,0,0.01390456383419039,42
L70P,0,0.01390456383419039,70
Q149Q,1,0.01390456383419039,149
Q17Q,1,0.01390456383419039,17
Q298Q,1,0.01390456383419039,298
R14G,0,0.01390456383419039,14
R159G,0,0.01390456383419039,159
R41G,0,0.01390456383419039,41
R55G,0,0.01390456383419039,55
R74G,0,0.01390456383419039,74
S113G,0,0.01390456383419039,113
S294G,0,0.01390456383419039,294
A120E,0,0.013691422513483,120
A120S,0,0.013691422513483,120
A121E,0,0.013691422513483,121
A137E,0,0.013691422513483,137
A137S,0,0.013691422513483,137
A148E,0,0.013691422513483,148
A192E,0,0.013691422513483,192
A309E,0,0.013691422513483,309
A309S,0,0.013691422513483,309
A328E,0,0.013691422513483,328
A34S,0,0.013691422513483,34
A39E,0,0.013691422513483,39
A39S,0,0.013691422513483,39
A72S,0,0.013691422513483,72
A86E,0,0.013691422513483,86
A86S,0,0.013691422513483,86
C211*,0,0.013691422513483,211
C211F,0,0.013691422513483,211
C218F,0,0.013691422513483,218
C304*,0,0.013691422513483,304
C304F,0,0.013691422513483,304
C83*,0,0.013691422513483,83
C83F,0,0.013691422513483,83
H397N,0,0.013691422513483,397
H61N,0,0.013691422513483,61
C136R,0,0.013395387824532796,136
C296R,0,0.013395387824532796,296
D115D,1,0.013395387824532796,115
D19D,1,0.013395387824532796,19
D368D,1,0.013395387824532796,368
D393D,1,0.013395387824532796,393
D51D,1,0.013395387824532796,51
D52D,1,0.013395387824532796,52
H118H,1,0.013395387824532796,118
H118R,0,0.013395387824532796,118
H141R,0,0.013395387824532796,141
H185R,0,0.013395387824532796,185
H376R,0,0.013395387824532796,376
H397R,0,0.013395387824532796,397
H61R,0,0.013395387824532796,61
H64R,0,0.013395387824532796,64
H75R,0,0.013395387824532796,75
H93R,0,0.013395387824532796,93
I280V,0,0.013395387824532796,280
I303V,0,0.013395387824532796,303
I32V,0,0.013395387824532796,32
I4V,0,0.013395387824532796,4
I5V,0,0.013395387824532796,5
M134T,0,0.013395387824532796,134
M198T,0,0.013395387824532796,198
M199T,0,0.013395387824532796,199
M1T,0,0.013395387824532796,1
M205T,0,0.013395387824532796,205
M239T,0,0.013395387824532796,239
M239V,0,0.013395387824532796,239
M264T,0,0.013395387824532796,264
M270T,0,0.013395387824532796,270
M35T,0,0.013395387824532796,35
N292N,1,0.013395387824532796,292
N311N,1,0.013395387824532796,311
N323N,1,0.013395387824532796,323
N372N,1,0.013395387824532796,372
N389N,1,0.013395387824532796,389
Y155Y,1,0.013395387824532796,155
Y174Y,1,0.013395387824532796,174
Y76Y,1,0.013395387824532796,76
S294R,0,0.0133584521792299,294
D153D,1,0.013045706315063337,153
D187D,1,0.013045706315063337,187
D58D,1,0.013045706315063337,58
E314E,1,0.013045706315063337,314
H376H,1,0.013045706315063337,376
H64H,1,0.013045706315063337,64
H75H,1,0.013045706315063337,75
I122T,0,0.013045706315063337,122
I122V,0,0.013045706315063337,122
I168T,0,0.013045706315063337,168
I203T,0,0.013045706315063337,203
I28T,0,0.013045706315063337,28
I300V,0,0.013045706315063337,300
I303T,0,0.013045706315063337,303
I32T,0,0.013045706315063337,32
I33T,0,0.013045706315063337,33
I400T,0,0.013045706315063337,400
I400V,0,0.013045706315063337,400
I50T,0,0.013045706315063337,50
K144K,1,0.013045706315063337,144
K80K,1,0.013045706315063337,80
M134V,0,0.013045706315063337,134
M205V,0,0.013045706315063337,205
M270V,0,0.013045706315063337,270
N117S,0,0.013045706315063337,117
N184S,0,0.013045706315063337,184
N212S,0,0.013045706315063337,212
N228N,1,0.013045706315063337,228
N228S,0,0.013045706315063337,228
N276S,0,0.013045706315063337,276
N292S,0,0.013045706315063337,292
N311S,0,0.013045706315063337,311
N323S,0,0.013045706315063337,323
N329S,0,0.013045706315063337,329
N340N,1,0.013045706315063337,340
N340S,0,0.013045706315063337,340
N356S,0,0.013045706315063337,356
N372S,0,0.013045706315063337,372
N389S,0,0.013045706315063337,389
N49S,0,0.013045706315063337,49
N69S,0,0.013045706315063337,69
N82N,1,0.013045706315063337,82
N82S,0,0.013045706315063337,82
Q110Q,1,0.013045706315063337,110
Q87Q,1,0.013045706315063337,87
Y138Y,1,0.013045706315063337,138
Y176Y,1,0.013045706315063337,176
Y177Y,1,0.013045706315063337,177
Y225Y,1,0.013045706315063337,225
Y379Y,1,0.013045706315063337,379
R11R,1,0.012980330117270789,11
I122I,1,0.01293244264392324,122
I168I,1,0.01293244264392324,168
I203I,1,0.01293244264392324,203
D22D,1,0.012630433146243564,22
D24D,1,0.012630433146243564,24
D384D,1,0.012630433146243564,384
E242E,1,0.012630433146243564,242
E256E,1,0.012630433146243564,256
H123H,1,0.012630433146243564,123
H272H,1,0.012630433146243564,272
K237K,1,0.012630433146243564,237
L100F,0,0.012630433146243564,100
L318F,0,0.012630433146243564,318
L42F,0,0.012630433146243564,42
Q214Q,1,0.012630433146243564,214
S113N,0,0.012630433146243564,113
S170N,0,0.012630433146243564,170
S207N,0,0.012630433146243564,207
S294N,0,0.012630433146243564,294
S305N,0,0.012630433146243564,305
S361N,0,0.012630433146243564,361
S370N,0,0.012630433146243564,370
T131I,0,0.012630433146243564,131
T167I,0,0.012630433146243564,167
T202I,0,0.012630433146243564,202
T210I,0,0.012630433146243564,210
T319I,0,0.012630433146243564,319
T363I,0,0.012630433146243564,363
T383I,0,0.012630433146243564,383
V158I,0,0.012630433146243564,158
V166I,0,0.012630433146243564,166
V191M,0,0.012630433146243564,191
V255I,0,0.012630433146243564,255
V290I,0,0.012630433146243564,290
V317I,0,0.012630433146243564,317
V351I,0,0.012630433146243564,351
V403I,0,0.012630433146243564,403
V54I,0,0.012630433146243564,54
V85I,0,0.012630433146243564,85
Y240Y,1,0.012630433146243564,240
Y336Y,1,0.012630433146243564,336
Y346Y,1,0.012630433146243564,346
D22E,0,0.012392163517496549,22
D24E,0,0.012392163517496549,24
D384E,0,0.012392163517496549,384
E242D,0,0.012392163517496549,242
E256D,0,0.012392163517496549,256
H123Q,0,0.012392163517496549,123
H272Q,0,0.012392163517496549,272
K237N,0,0.012392163517496549,237
Q214H,0,0.012392163517496549,214
V158L,0,0.012392163517496549,158
V166L,0,0.012392163517496549,166
V191L,0,0.012392163517496549,191
V255L,0,0.012392163517496549,255
V290L,0,0.012392163517496549,290
V317L,0,0.012392163517496549,317
V351L,0,0.012392163517496549,351
V54L,0,0.012392163517496549,54
Y240*,0,0.012392163517496549,240
Y336*,0,0.012392163517496549,336
Y346*,0,0.012392163517496549,346
E201E,1,0.012154211705129809,201
E285E,1,0.012154211705129809,285
E288E,1,0.012154211705129809,288
E291E,1,0.012154211705129809,291
E299E,1,0.012154211705129809,299
E40E,1,0.012154211705129809,40
E73E,1,0.012154211705129809,73
F104F,1,0.012154211705129809,104
F104S,0,0.012154211705129809,104
F145F,1,0.012154211705129809,145
F145S,0,0.012154211705129809,145
F195S,0,0.012154211705129809,195
F200S,0,0.012154211705129809,200
F215S,0,0.012154211705129809,215
F241S,0,0.012154211705129809,241
F271S,0,0.012154211705129809,271
F273F,1,0.012154211705129809,273
F273S,0,0.012154211705129809,273
F337F,1,0.012154211705129809,337
F337S,0,0.012154211705129809,337
F341S,0,0.012154211705129809,341
F37S,0,0.012154211705129809,37
F392S,0,0.012154211705129809,392
F56F,1,0.012154211705129809,56
F56S,0,0.012154211705129809,56
F81S,0,0.012154211705129809,81
F90S,0,0.012154211705129809,90
K102R,0,0.012154211705129809,102
K125R,0,0.012154211705129809,125
K128E,0,0.012154211705129809,128
K13K,1,0.012154211705129809,13
K13R,0,0.012154211705129809,13
K144R,0,0.012154211705129809,144
K147E,0,0.012154211705129809,147
K163K,1,0.012154211705129809,163
K163R,0,0.012154211705129809,163
K164E,0,0.012154211705129809,164
K183E,0,0.012154211705129809,183
K221E,0,0.012154211705129809,221
K254R,0,0.012154211705129809,254
K260R,0,0.012154211705129809,260
K266E,0,0.012154211705129809,266
K266K,1,0.012154211705129809,266
K266R,0,0.012154211705129809,266
K267E,0,0.012154211705129809,267
K269K,1,0.012154211705129809,269
K269R,0,0.012154211705129809,269
K289E,0,0.012154211705129809,289
K289R,0,0.012154211705129809,289
K322E,0,0.012154211705129809,322
K322K,1,0.012154211705129809,322
K322R,0,0.012154211705129809,322
K327R,0,0.012154211705129809,327
K330R,0,0.012154211705129809,330
K332R,0,0.012154211705129809,332
K349E,0,0.012154211705129809,349
K349K,1,0.012154211705129809,349
K349R,0,0.012154211705129809,349
K402E,0,0.012154211705129809,402
K402R,0,0.012154211705129809,402
K60E,0,0.012154211705129809,60
K62K,1,0.012154211705129809,62
K62R,0,0.012154211705129809,62
K6R,0,0.012154211705129809,6
K80R,0,0.012154211705129809,80
N12D,0,0.012154211705129809,12
N276D,0,0.012154211705129809,276
N292D,0,0.012154211705129809,292
N31D,0,0.012154211705129809,31
N323D,0,0.012154211705129809,323
N329D,0,0.012154211705129809,329
N340D,0,0.012154211705129809,340
N356D,0,0.012154211705129809,356
N63D,0,0.012154211705129809,63
Q399Q,1,0.012154211705129809,399
D109E,0,0.011976255314812488,109
D92E,0,0.011976255314812488,92
N334K,0,0.011976255314812488,334
N63K,0,0.011976255314812488,63
N94K,0,0.011976255314812488,94
R55S,0,0.011976255314812488,55
V222L,0,0.011976255314812488,222
V275L,0,0.011976255314812488,275
V343L,0,0.011976255314812488,343
Y180*,0,0.011976255314812488,180
L139*,0,0.0119585039257494,139
L140*,0,0.0119585039257494,140
L146*,0,0.0119585039257494,146
L146F,0,0.0119585039257494,146
L182*,0,0.0119585039257494,182
L182F,0,0.0119585039257494,182
L23*,0,0.0119585039257494,23
L247*,0,0.0119585039257494,247
L320*,0,0.0119585039257494,320
L320F,0,0.0119585039257494,320
D109D,1,0.011914746983569542,109
D92D,1,0.011914746983569542,92
G132D,0,0.011914746983569542,132
G251D,0,0.011914746983569542,251
N334N,1,0.011914746983569542,334
N63N,1,0.011914746983569542,63
N94N,1,0.011914746983569542,94
P103S,0,0.011914746983569542,103
P190S,0,0.011914746983569542,190
P231S,0,0.011914746983569542,231
P248S,0,0.011914746983569542,248
P281S,0,0.011914746983569542,281
P283S,0,0.011914746983569542,283
P367S,0,0.011914746983569542,367
P374S,0,0.011914746983569542,374
P391S,0,0.011914746983569542,391
P96S,0,0.011914746983569542,96
T160I,0,0.011914746983569542,160
T26I,0,0.011914746983569542,26
T286I,0,0.011914746983569542,286
T382I,0,0.011914746983569542,382
T78I,0,0.011914746983569542,78
V217I,0,0.011914746983569542,217
V222M,0,0.011914746983569542,222
V275I,0,0.011914746983569542,275
V343M,0,0.011914746983569542,343
Y180Y,1,0.011914746983569542,180
G127*,0,0.011897139984949201,127
G132C,0,0.011897139984949201,132
G156W,0,0.011897139984949201,156
G20*,0,0.011897139984949201,20
G208C,0,0.011897139984949201,208
G251C,0,0.011897139984949201,251
G293*,0,0.011897139984949201,293
H259N,0,0.011897139984949201,259
H64N,0,0.011897139984949201,64
H93N,0,0.011897139984949201,93
P190Q,0,0.011897139984949201,190
P204Q,0,0.011897139984949201,204
P281Q,0,0.011897139984949201,281
P283Q,0,0.011897139984949201,283
P30Q,0,0.011897139984949201,30
P339Q,0,0.011897139984949201,339
P357Q,0,0.011897139984949201,357
P367Q,0,0.011897139984949201,367
P387Q,0,0.011897139984949201,387
P95Q,0,0.011897139984949201,95
P96Q,0,0.011897139984949201,96
Q110K,0,0.011897139984949201,110
Q219K,0,0.011897139984949201,219
W111L,0,0.011897139984949201,111
W274L,0,0.011897139984949201,274
D109N,0,0.011894844409256233,109
D116N,0,0.011894844409256233,116
D252N,0,0.011894844409256233,252
D297N,0,0.011894844409256233,297
D312N,0,0.011894844409256233,312
D324N,0,0.011894844409256233,324
D326N,0,0.011894844409256233,326
D371N,0,0.011894844409256233,371
D375N,0,0.011894844409256233,375
D381N,0,0.011894844409256233,381
D384N,0,0.011894844409256233,384
D386N,0,0.011894844409256233,386
D393N,0,0.011894844409256233,393
D51N,0,0.011894844409256233,51
D52N,0,0.011894844409256233,52
D77N,0,0.011894844409256233,77
E106K,0,0.011894844409256233,106
E114K,0,0.011894844409256233,114
E201K,0,0.011894844409256233,201
E242K,0,0.011894844409256233,242
E373K,0,0.011894844409256233,373
E390K,0,0.011894844409256233,390
E394K,0,0.011894844409256233,394
E43K,0,0.011894844409256233,43
E73K,0,0.011894844409256233,73
E91K,0,0.011894844409256233,91
F206F,1,0.011894844409256233,206
F238F,1,0.011894844409256233,238
F279F,1,0.011894844409256233,279
F347F,1,0.011894844409256233,347
H118Y,0,0.011894844409256233,118
H123Y,0,0.011894844409256233,123
H185Y,0,0.011894844409256233,185
H196Y,0,0.011894844409256233,196
H272Y,0,0.011894844409256233,272
H376Y,0,0.011894844409256233,376
Q17*,0,0.011894844409256233,17
Q171*,0,0.011894844409256233,171
Q214*,0,0.011894844409256233,214
Q245*,0,0.011894844409256233,245
Q298*,0,0.011894844409256233,298
Q396*,0,0.011894844409256233,396
S229L,0,0.011894844409256233,229
S287L,0,0.011894844409256233,287
S355L,0,0.011894844409256233,355
S362L,0,0.011894844409256233,362
S59L,0,0.011894844409256233,59
R233R,1,0.01187763612504703,233
R161R,1,0.011693435673523139,161
R84R,1,0.011693435673523139,84
G230*,0,0.011544056929637522,230
G282*,0,0.011544056929637522,282
G44C,0,0.011544056929637522,44
L152I,0,0.011544056929637522,152
L181M,0,0.011544056929637522,181
P213H,0,0.011544056929637522,213
P244H,0,0.011544056929637522,244
P248H,0,0.011544056929637522,248
P374H,0,0.011544056929637522,374
P38H,0,0.011544056929637522,38
P391H,0,0.011544056929637522,391
P89H,0,0.011544056929637522,89
R14M,0,0.011544056929637522,14
R159M,0,0.011544056929637522,159
R172M,0,0.011544056929637522,172
R47M,0,0.011544056929637522,47
R55M,0,0.011544056929637522,55
S361R,0,0.011512302351686942,361
S207R,0,0.011356523394581715,207
S179R,0,0.011258829468205191,179
I33I,1,0.011219016706384043,33
I50I,1,0.011219016706384043,50
W274R,0,0.011219016706384043,274
F104C,0,0.011156953264141473,104
F145C,0,0.011156953264141473,145
F154V,0,0.011156953264141473,154
F195C,0,0.011156953264141473,195
F200C,0,0.011156953264141473,200
F215C,0,0.011156953264141473,215
F241C,0,0.011156953264141473,241
F271C,0,0.011156953264141473,271
F273C,0,0.011156953264141473,273
F337C,0,0.011156953264141473,337
F341C,0,0.011156953264141473,341
F341V,0,0.011156953264141473,341
F37C,0,0.011156953264141473,37
F392C,0,0.011156953264141473,392
F392V,0,0.011156953264141473,392
F56C,0,0.011156953264141473,56
F81C,0,0.011156953264141473,81
F90C,0,0.011156953264141473,90
F90V,0,0.011156953264141473,90
I28M,0,0.011156953264141473,28
I303M,0,0.011156953264141473,303
K102T,0,0.011156953264141473,102
K125T,0,0.011156953264141473,125
K128Q,0,0.011156953264141473,128
K13T,0,0.011156953264141473,13
K144T,0,0.011156953264141473,144
K147Q,0,0.011156953264141473,147
K163T,0,0.011156953264141473,163
K164Q,0,0.011156953264141473,164
K183Q,0,0.011156953264141473,183
K221Q,0,0.011156953264141473,221
K254T,0,0.011156953264141473,254
K260T,0,0.011156953264141473,260
K266Q,0,0.011156953264141473,266
K266T,0,0.011156953264141473,266
K267Q,0,0.011156953264141473,267
K269T,0,0.011156953264141473,269
K289Q,0,0.011156953264141473,289
K289T,0,0.011156953264141473,289
K322Q,0,0.011156953264141473,322
K322T,0,0.011156953264141473,322
K327T,0,0.011156953264141473,327
K330T,0,0.011156953264141473,330
K332T,0,0.011156953264141473,332
K349Q,0,0.011156953264141473,349
K349T,0,0.011156953264141473,349
K402Q,0,0.011156953264141473,402
K402T,0,0.011156953264141473,402
K60Q,0,0.011156953264141473,60
K62T,0,0.011156953264141473,62
K6T,0,0.011156953264141473,6
K80T,0,0.011156953264141473,80
L139V,0,0.011156953264141473,139
L146V,0,0.011156953264141473,146
L320V,0,0.011156953264141473,320
L57V,0,0.011156953264141473,57
N12H,0,0.011156953264141473,12
N276H,0,0.011156953264141473,276
N292H,0,0.011156953264141473,292
N31H,0,0.011156953264141473,31
N323H,0,0.011156953264141473,323
N329H,0,0.011156953264141473,329
N340H,0,0.011156953264141473,340
N356H,0,0.011156953264141473,356
N63H,0,0.011156953264141473,63
C124C,1,0.011127902850244571,124
I280M,0,0.011127902850244571,280
S305S,1,0.011127902850244571,305
T277A,0,0.011127902850244571,277
T319A,0,0.011127902850244571,319
T398A,0,0.011127902850244571,398
T401A,0,0.011127902850244571,401
V133A,0,0.011127902850244571,133
V158A,0,0.011127902850244571,158
V166A,0,0.011127902850244571,166
V255A,0,0.011127902850244571,255
V275A,0,0.011127902850244571,275
V290A,0,0.011127902850244571,290
V317A,0,0.011127902850244571,317
V351A,0,0.011127902850244571,351
V365A,0,0.011127902850244571,365
V45A,0,0.011127902850244571,45
V53A,0,0.011127902850244571,53
V54A,0,0.011127902850244571,54
Y176H,0,0.011127902850244571,176
Y180C,0,0.011127902850244571,180
Y240C,0,0.011127902850244571,240
Y240H,0,0.011127902850244571,240
Y336C,0,0.011127902850244571,336
Y346C,0,0.011127902850244571,346
Y346H,0,0.011127902850244571,346
Y46C,0,0.011127902850244571,46
Y65C,0,0.011127902850244571,65
Y68C,0,0.011127902850244571,68
D187Y,0,0.011060188420293488,187
D19Y,0,0.011060188420293488,19
D268Y,0,0.011060188420293488,268
D58Y,0,0.011060188420293488,58
E157*,0,0.011060188420293488,157
E235*,0,0.011060188420293488,235
E285*,0,0.011060188420293488,285
E314*,0,0.011060188420293488,314
E353*,0,0.011060188420293488,353
G127V,0,0.011060188420293488,127
G129V,0,0.011060188420293488,129
G165V,0,0.011060188420293488,165
G209V,0,0.011060188420293488,209
G20V,0,0.011060188420293488,20
G230V,0,0.011060188420293488,230
G282V,0,0.011060188420293488,282
G293V,0,0.011060188420293488,293
G36V,0,0.011060188420293488,36
P169T,0,0.011060188420293488,169
P204T,0,0.011060188420293488,204
P213T,0,0.011060188420293488,213
P30T,0,0.011060188420293488,30
P339T,0,0.011060188420293488,339
P357T,0,0.011060188420293488,357
P387T,0,0.011060188420293488,387
P38T,0,0.011060188420293488,38
P89T,0,0.011060188420293488,89
S226Y,0,0.011060188420293488,226
S227Y,0,0.011060188420293488,227
E373E,1,0.011059497939922232,373
E390E,1,0.011059497939922232,390
E99E,1,0.011059497939922232,99
K102K,1,0.011059497939922232,102
K260K,1,0.011059497939922232,260
N12S,0,0.011059497939922232,12
N262S,0,0.011059497939922232,262
N31S,0,0.011059497939922232,31
N334S,0,0.011059497939922232,334
N48S,0,0.011059497939922232,48
N63S,0,0.011059497939922232,63
N94S,0,0.011059497939922232,94
S361S,1,0.011059497939922232,361
T131A,0,0.011059497939922232,131
T167A,0,0.011059497939922232,167
T202A,0,0.011059497939922232,202
T210A,0,0.011059497939922232,210
T286A,0,0.011059497939922232,286
T321A,0,0.011059497939922232,321
T350A,0,0.011059497939922232,350
T363A,0,0.011059497939922232,363
T366A,0,0.011059497939922232,366
V119A,0,0.011059497939922232,119
V369A,0,0.011059497939922232,369
V85A,0,0.011059497939922232,85
V9A,0,0.011059497939922232,9
C124R,0,0.01105927383983444,124
C218R,0,0.01105927383983444,218
L181P,0,0.01105927383983444,181
L186P,0,0.01105927383983444,186
L193P,0,0.01105927383983444,193
L345P,0,0.01105927383983444,345
Q171R,0,0.01105927383983444,171
Q214R,0,0.01105927383983444,214
Q219R,0,0.01105927383983444,219
Q245R,0,0.01105927383983444,245
Q261R,0,0.01105927383983444,261
Q396R,0,0.01105927383983444,396
Q97R,0,0.01105927383983444,97
R11G,0,0.01105927383983444,11
R161G,0,0.01105927383983444,161
R47G,0,0.01105927383983444,47
R84G,0,0.01105927383983444,84
S170G,0,0.01105927383983444,170
S207G,0,0.01105927383983444,207
S305G,0,0.01105927383983444,305
S361G,0,0.01105927383983444,361
R15R,1,0.010969637714787405,15
C136S,0,0.010958275501693216,136
C296S,0,0.010958275501693216,296
F145I,0,0.010731533682428192,145
F21I,0,0.010731533682428192,21
F278I,0,0.010731533682428192,278
F37I,0,0.010731533682428192,37
F81I,0,0.010731533682428192,81
I122F,0,0.010731533682428192,122
I122N,0,0.010731533682428192,122
I168N,0,0.010731533682428192,168
I203N,0,0.010731533682428192,203
I28N,0,0.010731533682428192,28
I300F,0,0.010731533682428192,300
I303N,0,0.010731533682428192,303
I32N,0,0.010731533682428192,32
I33N,0,0.010731533682428192,33
I400F,0,0.010731533682428192,400
I400N,0,0.010731533682428192,400
I50N,0,0.010731533682428192,50
L140I,0,0.010731533682428192,140
N117I,0,0.010731533682428192,117
N184I,0,0.010731533682428192,184
N212I,0,0.010731533682428192,212
N228I,0,0.010731533682428192,228
N276I,0,0.010731533682428192,276
N292I,0,0.010731533682428192,292
N311I,0,0.010731533682428192,311
N323I,0,0.010731533682428192,323
N329I,0,0.010731533682428192,329
N340I,0,0.010731533682428192,340
N356I,0,0.010731533682428192,356
N372I,0,0.010731533682428192,372
N389I,0,0.010731533682428192,389
N49I,0,0.010731533682428192,49
N69I,0,0.010731533682428192,69
N82I,0,0.010731533682428192,82
E307D,0,0.01070518213031481,307
E353D,0,0.01070518213031481,353
K344N,0,0.01070518213031481,344
K60N,0,0.01070518213031481,60
Q219H,0,0.01070518213031481,219
Q245H,0,0.01070518213031481,245
Q396H,0,0.01070518213031481,396
Q97H,0,0.01070518213031481,97
F104V,0,0.010522058174463812,104
F241V,0,0.010522058174463812,241
F258V,0,0.010522058174463812,258
F273V,0,0.010522058174463812,273
F279V,0,0.010522058174463812,279
F337V,0,0.010522058174463812,337
F347V,0,0.010522058174463812,347
K128T,0,0.010522058174463812,128
K147T,0,0.010522058174463812,147
K164T,0,0.010522058174463812,164
K183T,0,0.010522058174463812,183
K197T,0,0.010522058174463812,197
K221T,0,0.010522058174463812,221
K223T,0,0.010522058174463812,223
K237T,0,0.010522058174463812,237
K263T,0,0.010522058174463812,263
K267T,0,0.010522058174463812,267
K313T,0,0.010522058174463812,313
K342T,0,0.010522058174463812,342
K344T,0,0.010522058174463812,344
K60T,0,0.010522058174463812,60
K66T,0,0.010522058174463812,66
L100R,0,0.010522058174463812,100
L108R,0,0.010522058174463812,108
L23V,0,0.010522058174463812,23
L25V,0,0.010522058174463812,25
L318R,0,0.010522058174463812,318
L325R,0,0.010522058174463812,325
L42R,0,0.010522058174463812,42
L70R,0,0.010522058174463812,70
G129G,1,0.010394343286717667,129
G230G,1,0.010394343286717667,230
G282G,1,0.010394343286717667,282
W274C,0,0.01019733860215728,274
K125*,0,0.009661495412642666,125
K330*,0,0.009661495412642666,330
K342*,0,0.009661495412642666,342
K62*,0,0.009661495412642666,62
N311Y,0,0.009661495412642666,311
N82Y,0,0.009661495412642666,82
N94Y,0,0.009661495412642666,94
Y177N,0,0.009661495412642666,177
Y178N,0,0.009661495412642666,178
Y188N,0,0.009661495412642666,188
Y29N,0,0.009661495412642666,29
Y377N,0,0.009661495412642666,377
Y65N,0,0.009661495412642666,65
Y76N,0,0.009661495412642666,76
D252E,0,0.009544037520381287,252
D301E,0,0.009544037520381287,301
D310E,0,0.009544037520381287,310
H397Q,0,0.009544037520381287,397
H61Q,0,0.009544037520381287,61
H93Q,0,0.009544037520381287,93
I135I,1,0.009544037520381287,135
I224I,1,0.009544037520381287,224
I306L,0,0.009544037520381287,306
I67I,1,0.009544037520381287,67
L139F,0,0.009544037520381287,139
M35L,0,0.009544037520381287,35
N276K,0,0.009544037520381287,276
N329K,0,0.009544037520381287,329
N49K,0,0.009544037520381287,49
Y178*,0,0.009544037520381287,178
Y188*,0,0.009544037520381287,188
Y27*,0,0.009544037520381287,27
Y377*,0,0.009544037520381287,377
F104Y,0,0.009467662551737113,104
F145Y,0,0.009467662551737113,145
F154I,0,0.009467662551737113,154
F195Y,0,0.009467662551737113,195
F200Y,0,0.009467662551737113,200
F215Y,0,0.009467662551737113,215
F241Y,0,0.009467662551737113,241
F271Y,0,0.009467662551737113,271
F273Y,0,0.009467662551737113,273
F337Y,0,0.009467662551737113,337
F341I,0,0.009467662551737113,341
F341Y,0,0.009467662551737113,341
F37Y,0,0.009467662551737113,37
F392I,0,0.009467662551737113,392
F392Y,0,0.009467662551737113,392
F56Y,0,0.009467662551737113,56
F81Y,0,0.009467662551737113,81
F90I,0,0.009467662551737113,90
F90Y,0,0.009467662551737113,90
K102I,0,0.009467662551737113,102
K125I,0,0.009467662551737113,125
K128*,0,0.009467662551737113,128
K13I,0,0.009467662551737113,13
K144I,0,0.009467662551737113,144
K147*,0,0.009467662551737113,147
K163I,0,0.009467662551737113,163
K164*,0,0.009467662551737113,164
K183*,0,0.009467662551737113,183
K221*,0,0.009467662551737113,221
K254I,0,0.009467662551737113,254
K260I,0,0.009467662551737113,260
K266*,0,0.009467662551737113,266
K266I,0,0.009467662551737113,266
K267*,0,0.009467662551737113,267
K269I,0,0.009467662551737113,269
K289*,0,0.009467662551737113,289
K289I,0,0.009467662551737113,289
K322*,0,0.009467662551737113,322
K322I,0,0.009467662551737113,322
K327I,0,0.009467662551737113,327
K330I,0,0.009467662551737113,330
K332I,0,0.009467662551737113,332
K349*,0,0.009467662551737113,349
K349I,0,0.009467662551737113,349
K402*,0,0.009467662551737113,402
K402I,0,0.009467662551737113,402
K60*,0,0.009467662551737113,60
K62I,0,0.009467662551737113,62
K6I,0,0.009467662551737113,6
K80I,0,0.009467662551737113,80
L139I,0,0.009467662551737113,139
L146I,0,0.009467662551737113,146
L320I,0,0.009467662551737113,320
L57M,0,0.009467662551737113,57
N12Y,0,0.009467662551737113,12
N276Y,0,0.009467662551737113,276
N292Y,0,0.009467662551737113,292
N31Y,0,0.009467662551737113,31
N323Y,0,0.009467662551737113,323
N329Y,0,0.009467662551737113,329
N340Y,0,0.009467662551737113,340
N356Y,0,0.009467662551737113,356
N63Y,0,0.009467662551737113,63
E106G,0,0.009452215994606796,106
E114G,0,0.009452215994606796,114
E157G,0,0.009452215994606796,157
E201G,0,0.009452215994606796,201
E235G,0,0.009452215994606796,235
E285G,0,0.009452215994606796,285
E288G,0,0.009452215994606796,288
E291G,0,0.009452215994606796,291
E299G,0,0.009452215994606796,299
E314G,0,0.009452215994606796,314
E373G,0,0.009452215994606796,373
E390G,0,0.009452215994606796,390
E394G,0,0.009452215994606796,394
E40G,0,0.009452215994606796,40
E43G,0,0.009452215994606796,43
E73G,0,0.009452215994606796,73
E91G,0,0.009452215994606796,91
E99G,0,0.009452215994606796,99
F154S,0,0.009452215994606796,154
F195F,1,0.009452215994606796,195
F206S,0,0.009452215994606796,206
F21S,0,0.009452215994606796,21
F238S,0,0.009452215994606796,238
F243S,0,0.009452215994606796,243
F257S,0,0.009452215994606796,257
F258S,0,0.009452215994606796,258
F271F,1,0.009452215994606796,271
F278S,0,0.009452215994606796,278
F279S,0,0.009452215994606796,279
F347S,0,0.009452215994606796,347
F37F,1,0.009452215994606796,37
K223E,0,0.009452215994606796,223
K344E,0,0.009452215994606796,344
N184D,0,0.009452215994606796,184
N262D,0,0.009452215994606796,262
N389D,0,0.009452215994606796,389
N48D,0,0.009452215994606796,48
S226P,0,0.009452215994606796,226
S229P,0,0.009452215994606796,229
S338P,0,0.009452215994606796,338
S362P,0,0.009452215994606796,362
S364P,0,0.009452215994606796,364
S380P,0,0.009452215994606796,380
S59P,0,0.009452215994606796,59
C124S,0,0.009351373698733227,124
F341F,1,0.009080312614448761,341
F81F,1,0.009080312614448761,81
K125E,0,0.009080312614448761,125
K330E,0,0.009080312614448761,330
K342E,0,0.009080312614448761,342
K62E,0,0.009080312614448761,62
L139S,0,0.009080312614448761,139
L140S,0,0.009080312614448761,140
L146S,0,0.009080312614448761,146
L182S,0,0.009080312614448761,182
L23S,0,0.009080312614448761,23
L247S,0,0.009080312614448761,247
L320S,0,0.009080312614448761,320
N311D,0,0.009080312614448761,311
N82D,0,0.009080312614448761,82
N94D,0,0.009080312614448761,94
Y177H,0,0.009080312614448761,177
Y178H,0,0.009080312614448761,178
Y188H,0,0.009080312614448761,188
Y29H,0,0.009080312614448761,29
Y377H,0,0.009080312614448761,377
Y65H,0,0.009080312614448761,65
Y76H,0,0.009080312614448761,76
R378R,1,0.0089703676690079,378
C250S,0,0.008970289395459678,250
A34A,1,0.008889643471717045,34
A359A,1,0.008889643471717045,359
T167T,1,0.008889643471717045,167
T202T,1,0.008889643471717045,202
V255V,1,0.008889643471717045,255
V290V,1,0.008889643471717045,290
V351V,1,0.008889643471717045,351
V53V,1,0.008889643471717045,53
C105R,0,0.008683039229273796,105
C211R,0,0.008683039229273796,211
C304R,0,0.008683039229273796,304
C71R,0,0.008683039229273796,71
C83R,0,0.008683039229273796,83
F200F,1,0.008683039229273796,200
F215F,1,0.008683039229273796,215
F241F,1,0.008683039229273796,241
F392F,1,0.008683039229273796,392
F90F,1,0.008683039229273796,90
K102E,0,0.008683039229273796,102
K13E,0,0.008683039229273796,13
K144E,0,0.008683039229273796,144
K163E,0,0.008683039229273796,163
K197E,0,0.008683039229273796,197
K237E,0,0.008683039229273796,237
K254E,0,0.008683039229273796,254
K260E,0,0.008683039229273796,260
K263E,0,0.008683039229273796,263
K269E,0,0.008683039229273796,269
K313E,0,0.008683039229273796,313
K327E,0,0.008683039229273796,327
K332E,0,0.008683039229273796,332
K66E,0,0.008683039229273796,66
K6E,0,0.008683039229273796,6
K80E,0,0.008683039229273796,80
L194S,0,0.008683039229273796,194
L25S,0,0.008683039229273796,25
L57S,0,0.008683039229273796,57
N117D,0,0.008683039229273796,117
N212D,0,0.008683039229273796,212
N228D,0,0.008683039229273796,228
N334D,0,0.008683039229273796,334
N372D,0,0.008683039229273796,372
N49D,0,0.008683039229273796,49
N69D,0,0.008683039229273796,69
Q110R,0,0.008683039229273796,110
Q149R,0,0.008683039229273796,149
Q17R,0,0.008683039229273796,17
Q298R,0,0.008683039229273796,298
Q399R,0,0.008683039229273796,399
Q87R,0,0.008683039229273796,87
R172S,0,0.008679273918224005,172
W111C,0,0.008679273918224005,111
G132V,0,0.008654914727831428,132
G251V,0,0.008654914727831428,251
P103T,0,0.008654914727831428,103
P190T,0,0.008654914727831428,190
P231T,0,0.008654914727831428,231
P248T,0,0.008654914727831428,248
P281T,0,0.008654914727831428,281
P283T,0,0.008654914727831428,283
P367T,0,0.008654914727831428,367
P374T,0,0.008654914727831428,374
P391T,0,0.008654914727831428,391
P96T,0,0.008654914727831428,96
T160N,0,0.008654914727831428,160
T26N,0,0.008654914727831428,26
T286N,0,0.008654914727831428,286
T382N,0,0.008654914727831428,382
T78N,0,0.008654914727831428,78
V217F,0,0.008654914727831428,217
C105C,1,0.008577438313683683,105
C136C,1,0.008577438313683683,136
C250C,1,0.008577438313683683,250
C250R,0,0.008577438313683683,250
C296C,1,0.008577438313683683,296
C71C,1,0.008577438313683683,71
H123R,0,0.008577438313683683,123
H196R,0,0.008577438313683683,196
H259R,0,0.008577438313683683,259
H272R,0,0.008577438313683683,272
S113S,1,0.008577438313683683,113
S207S,1,0.008577438313683683,207
S370S,1,0.008577438313683683,370
T232A,0,0.008577438313683683,232
T348A,0,0.008577438313683683,348
T382A,0,0.008577438313683683,382
T383A,0,0.008577438313683683,383
T78A,0,0.008577438313683683,78
V175A,0,0.008577438313683683,175
V191A,0,0.008577438313683683,191
V216A,0,0.008577438313683683,216
V222A,0,0.008577438313683683,222
V249A,0,0.008577438313683683,249
V343A,0,0.008577438313683683,343
A121S,0,0.008538653932020567,121
A126D,0,0.008538653932020567,126
A126S,0,0.008538653932020567,126
A328S,0,0.008538653932020567,328
A333S,0,0.008538653932020567,333
A34D,0,0.008538653932020567,34
A359D,0,0.008538653932020567,359
A3S,0,0.008538653932020567,3
A72D,0,0.008538653932020567,72
L112I,0,0.008538653932020567,112
L220I,0,0.008538653932020567,220
L265I,0,0.008538653932020567,265
L345M,0,0.008538653932020567,345
L98I,0,0.008538653932020567,98
S10I,0,0.008538653932020567,10
S179I,0,0.008538653932020567,179
S302I,0,0.008538653932020567,302
S360I,0,0.008538653932020567,360
T131S,0,0.008473102806346418,131
T167S,0,0.008473102806346418,167
T202S,0,0.008473102806346418,202
T210S,0,0.008473102806346418,210
T363S,0,0.008473102806346418,363
D107D,1,0.00841672033111752,107
D107G,0,0.00841672033111752,107
D115G,0,0.00841672033111752,115
D153G,0,0.00841672033111752,153
D187G,0,0.00841672033111752,187
D19G,0,0.00841672033111752,19
D252G,0,0.00841672033111752,252
D297D,1,0.00841672033111752,297
D297G,0,0.00841672033111752,297
D301G,0,0.00841672033111752,301
D310G,0,0.00841672033111752,310
D324D,1,0.00841672033111752,324
D324G,0,0.00841672033111752,324
D368G,0,0.00841672033111752,368
D375D,1,0.00841672033111752,375
D375G,0,0.00841672033111752,375
D386D,1,0.00841672033111752,386
D386G,0,0.00841672033111752,386
D393G,0,0.00841672033111752,393
D395D,1,0.00841672033111752,395
D395G,0,0.00841672033111752,395
D51G,0,0.00841672033111752,51
D52G,0,0.00841672033111752,52
D58G,0,0.00841672033111752,58
H141H,1,0.00841672033111752,141
H185H,1,0.00841672033111752,185
I101T,0,0.00841672033111752,101
I135V,0,0.00841672033111752,135
I224V,0,0.00841672033111752,224
I253T,0,0.00841672033111752,253
I300T,0,0.00841672033111752,300
I4T,0,0.00841672033111752,4
I5T,0,0.00841672033111752,5
I67V,0,0.00841672033111752,67
I8T,0,0.00841672033111752,8
I8V,0,0.00841672033111752,8
M198V,0,0.00841672033111752,198
M199V,0,0.00841672033111752,199
M264V,0,0.00841672033111752,264
N117N,1,0.00841672033111752,117
N184N,1,0.00841672033111752,184
N212N,1,0.00841672033111752,212
N356N,1,0.00841672033111752,356
N69N,1,0.00841672033111752,69
Y16Y,1,0.00841672033111752,16
Y29Y,1,0.00841672033111752,29
Y315Y,1,0.00841672033111752,315
Y88Y,1,0.00841672033111752,88
S370R,0,0.008382056609808102,370
D115E,0,0.008207317932396839,115
D19E,0,0.008207317932396839,19
D368E,0,0.008207317932396839,368
D393E,0,0.008207317932396839,393
D51E,0,0.008207317932396839,51
D52E,0,0.008207317932396839,52
H118Q,0,0.008207317932396839,118
I280L,0,0.008207317932396839,280
M239L,0,0.008207317932396839,239
N292K,0,0.008207317932396839,292
N311K,0,0.008207317932396839,311
N323K,0,0.008207317932396839,323
N372K,0,0.008207317932396839,372
N389K,0,0.008207317932396839,389
Y155*,0,0.008207317932396839,155
Y174*,0,0.008207317932396839,174
Y76*,0,0.008207317932396839,76
E150G,0,0.008165321550859148,150
E18G,0,0.008165321550859148,18
E242G,0,0.008165321550859148,242
E256G,0,0.008165321550859148,256
E284G,0,0.008165321550859148,284
E307G,0,0.008165321550859148,307
E352G,0,0.008165321550859148,352
E353G,0,0.008165321550859148,353
E358G,0,0.008165321550859148,358
E388G,0,0.008165321550859148,388
E7G,0,0.008165321550859148,7
R15G,0,0.008165321550859148,15
R172G,0,0.008165321550859148,172
S227P,0,0.008165321550859148,227
S287P,0,0.008165321550859148,287
S385P,0,0.008165321550859148,385
T383S,0,0.008153185435218865,383
C105S,0,0.008115536749027973,105
C71S,0,0.008115536749027973,71
R189R,1,0.008111596619841965,189
E373D,0,0.007984188229022951,373
E390D,0,0.007984188229022951,390
E99D,0,0.007984188229022951,99
K102N,0,0.007984188229022951,102
K260N,0,0.007984188229022951,260
G129*,0,0.00794556402859651,129
G143C,0,0.00794556402859651,143
G156V,0,0.00794556402859651,156
G165*,0,0.00794556402859651,165
G36*,0,0.00794556402859651,36
P103H,0,0.00794556402859651,103
P169H,0,0.00794556402859651,169
P231H,0,0.00794556402859651,231
P244T,0,0.00794556402859651,244
P95T,0,0.00794556402859651,95
L100I,0,0.007629708205819638,100
L193M,0,0.007629708205819638,193
L318I,0,0.007629708205819638,318
L42I,0,0.007629708205819638,42
S113I,0,0.007629708205819638,113
S170I,0,0.007629708205819638,170
S207I,0,0.007629708205819638,207
S294I,0,0.007629708205819638,294
S305I,0,0.007629708205819638,305
S361I,0,0.007629708205819638,361
S370I,0,0.007629708205819638,370
T131N,0,0.007629708205819638,131
T167N,0,0.007629708205819638,167
T202N,0,0.007629708205819638,202
T210N,0,0.007629708205819638,210
T319N,0,0.007629708205819638,319
T363N,0,0.007629708205819638,363
T383N,0,0.007629708205819638,383
V403F,0,0.007629708205819638,403
V85F,0,0.007629708205819638,85
D109G,0,0.007557949281951584,109
D116G,0,0.007557949281951584,116
D162G,0,0.007557949281951584,162
D22G,0,0.007557949281951584,22
D236G,0,0.007557949281951584,236
D24G,0,0.007557949281951584,24
D268G,0,0.007557949281951584,268
D312G,0,0.007557949281951584,312
D326G,0,0.007557949281951584,326
D331G,0,0.007557949281951584,331
D371G,0,0.007557949281951584,371
D381G,0,0.007557949281951584,381
D384G,0,0.007557949281951584,384
D77G,0,0.007557949281951584,77
D92G,0,0.007557949281951584,92
S170S,1,0.007557949281951584,170
S294S,1,0.007557949281951584,294
S355P,0,0.007557949281951584,355
T160A,0,0.007557949281951584,160
T26A,0,0.007557949281951584,26
T2A,0,0.007557949281951584,2
V217A,0,0.007557949281951584,217
V403A,0,0.007557949281951584,403
T319S,0,0.007213600630252101,319
T286S,0,0.007031988081650569,286
R161S,0,0.006933703966511976,161
R84S,0,0.006933703966511976,84
I101F,0,0.006860189781136335,101
I135K,0,0.006860189781136335,135
I168F,0,0.006860189781136335,168
I203F,0,0.006860189781136335,203
I224K,0,0.006860189781136335,224
I253F,0,0.006860189781136335,253
I280K,0,0.006860189781136335,280
I28F,0,0.006860189781136335,28
I306K,0,0.006860189781136335,306
I33F,0,0.006860189781136335,33
I50F,0,0.006860189781136335,50
I67K,0,0.006860189781136335,67
Y138F,0,0.006860189781136335,138
Y138N,0,0.006860189781136335,138
Y155F,0,0.006860189781136335,155
Y16F,0,0.006860189781136335,16
Y16N,0,0.006860189781136335,16
Y174F,0,0.006860189781136335,174
Y176F,0,0.006860189781136335,176
Y177F,0,0.006860189781136335,177
Y178F,0,0.006860189781136335,178
Y188F,0,0.006860189781136335,188
Y225F,0,0.006860189781136335,225
Y225N,0,0.006860189781136335,225
Y27F,0,0.006860189781136335,27
Y29F,0,0.006860189781136335,29
Y315F,0,0.006860189781136335,315
Y315N,0,0.006860189781136335,315
Y336N,0,0.006860189781136335,336
Y377F,0,0.006860189781136335,377
Y379F,0,0.006860189781136335,379
Y379N,0,0.006860189781136335,379
Y46N,0,0.006860189781136335,46
Y68N,0,0.006860189781136335,68
Y76F,0,0.006860189781136335,76
Y88F,0,0.006860189781136335,88
Y88N,0,0.006860189781136335,88
S305R,0,0.006848246754672018,305
T382S,0,0.006712070710523015,382
T78S,0,0.006712070710523015,78
A148S,0,0.006367321792299006,148
A151D,0,0.006367321792299006,151
A151S,0,0.006367321792299006,151
A192S,0,0.006367321792299006,192
A333D,0,0.006367321792299006,333
A359S,0,0.006367321792299006,359
A3D,0,0.006367321792299006,3
A79D,0,0.006367321792299006,79
C218*,0,0.006367321792299006,218
G143V,0,0.006367321792299006,143
G208V,0,0.006367321792299006,208
G44V,0,0.006367321792299006,44
P246T,0,0.006367321792299006,246
P354T,0,0.006367321792299006,354
S170R,0,0.006364508127430077,170
C218S,0,0.0061226874827542965,218
D107E,0,0.006013754157782514,107
D297E,0,0.006013754157782514,297
D324E,0,0.006013754157782514,324
D375E,0,0.006013754157782514,375
D386E,0,0.006013754157782514,386
D395E,0,0.006013754157782514,395
H141Q,0,0.006013754157782514,141
H185Q,0,0.006013754157782514,185
I135L,0,0.006013754157782514,135
I224L,0,0.006013754157782514,224
I67L,0,0.006013754157782514,67
M198L,0,0.006013754157782514,198
M199L,0,0.006013754157782514,199
M264L,0,0.006013754157782514,264
N117K,0,0.006013754157782514,117
N184K,0,0.006013754157782514,184
N212K,0,0.006013754157782514,212
N356K,0,0.006013754157782514,356
N69K,0,0.006013754157782514,69
R15S,0,0.006013754157782514,15
R378S,0,0.006013754157782514,378
Y16*,0,0.006013754157782514,16
Y29*,0,0.006013754157782514,29
Y315*,0,0.006013754157782514,315
Y88*,0,0.006013754157782514,88
I306M,0,0.005980193057820142,306
L112P,0,0.005980193057820142,112
L152P,0,0.005980193057820142,152
L220P,0,0.005980193057820142,220
L265P,0,0.005980193057820142,265
L295P,0,0.005980193057820142,295
L316P,0,0.005980193057820142,316
L98P,0,0.005980193057820142,98
R189G,0,0.005980193057820142,189
R378G,0,0.005980193057820142,378
S10G,0,0.005980193057820142,10
S179G,0,0.005980193057820142,179
S302G,0,0.005980193057820142,302
S360G,0,0.005980193057820142,360
S370G,0,0.005980193057820142,370
Y155H,0,0.005980193057820142,155
Y174H,0,0.005980193057820142,174
Y180H,0,0.005980193057820142,180
Y27H,0,0.005980193057820142,27
R11S,0,0.005965670644675781,11
F104I,0,0.005678130142355449,104
F241I,0,0.005678130142355449,241
F258I,0,0.005678130142355449,258
F273I,0,0.005678130142355449,273
F279I,0,0.005678130142355449,279
F337I,0,0.005678130142355449,337
F347I,0,0.005678130142355449,347
K128M,0,0.005678130142355449,128
K147M,0,0.005678130142355449,147
K164M,0,0.005678130142355449,164
K183M,0,0.005678130142355449,183
K197M,0,0.005678130142355449,197
K221M,0,0.005678130142355449,221
K223M,0,0.005678130142355449,223
K237M,0,0.005678130142355449,237
K263M,0,0.005678130142355449,263
K267M,0,0.005678130142355449,267
K313M,0,0.005678130142355449,313
K342M,0,0.005678130142355449,342
K344M,0,0.005678130142355449,344
K60M,0,0.005678130142355449,60
K66M,0,0.005678130142355449,66
L100H,0,0.005678130142355449,100
L108H,0,0.005678130142355449,108
L23I,0,0.005678130142355449,23
L25M,0,0.005678130142355449,25
L318H,0,0.005678130142355449,318
L325H,0,0.005678130142355449,325
L42H,0,0.005678130142355449,42
L70H,0,0.005678130142355449,70
R14W,0,0.005678130142355449,14
R159W,0,0.005678130142355449,159
R41*,0,0.005678130142355449,41
R55W,0,0.005678130142355449,55
R74*,0,0.005678130142355449,74
S113C,0,0.005678130142355449,113
S294C,0,0.005678130142355449,294
H141D,0,0.005579559271917725,141
H75D,0,0.005579559271917725,75
Q149E,0,0.005579559271917725,149
Q261E,0,0.005579559271917725,261
Q399E,0,0.005579559271917725,399
Q87E,0,0.005579559271917725,87
Q97E,0,0.005579559271917725,97
T232R,0,0.005579559271917725,232
T277R,0,0.005579559271917725,277
T2R,0,0.005579559271917725,2
T321R,0,0.005579559271917725,321
T348R,0,0.005579559271917725,348
T350R,0,0.005579559271917725,350
T366R,0,0.005579559271917725,366
T398R,0,0.005579559271917725,398
T401R,0,0.005579559271917725,401
V119L,0,0.005579559271917725,119
V369L,0,0.005579559271917725,369
T160S,0,0.005416343528157531,160
T26S,0,0.005416343528157531,26
H118L,0,0.005378716229775491,118
H141L,0,0.005378716229775491,141
H185L,0,0.005378716229775491,185
H376L,0,0.005378716229775491,376
H397L,0,0.005378716229775491,397
H61L,0,0.005378716229775491,61
H64L,0,0.005378716229775491,64
H75L,0,0.005378716229775491,75
H93L,0,0.005378716229775491,93
I303F,0,0.005378716229775491,303
I32F,0,0.005378716229775491,32
I4F,0,0.005378716229775491,4
I5F,0,0.005378716229775491,5
M134K,0,0.005378716229775491,134
M198K,0,0.005378716229775491,198
M199K,0,0.005378716229775491,199
M1K,0,0.005378716229775491,1
M205K,0,0.005378716229775491,205
M239K,0,0.005378716229775491,239
M264K,0,0.005378716229775491,264
M270K,0,0.005378716229775491,270
M35K,0,0.005378716229775491,35
D107H,0,0.004921834450645929,107
D115H,0,0.004921834450645929,115
D153H,0,0.004921834450645929,153
D162H,0,0.004921834450645929,162
D236H,0,0.004921834450645929,236
D24H,0,0.004921834450645929,24
D310H,0,0.004921834450645929,310
D331H,0,0.004921834450645929,331
D368H,0,0.004921834450645929,368
D395H,0,0.004921834450645929,395
D92H,0,0.004921834450645929,92
E150Q,0,0.004921834450645929,150
E18Q,0,0.004921834450645929,18
E256Q,0,0.004921834450645929,256
E284Q,0,0.004921834450645929,284
E288Q,0,0.004921834450645929,288
E291Q,0,0.004921834450645929,291
E299Q,0,0.004921834450645929,299
E307Q,0,0.004921834450645929,307
E352Q,0,0.004921834450645929,352
E358Q,0,0.004921834450645929,358
E388Q,0,0.004921834450645929,388
E40Q,0,0.004921834450645929,40
E7Q,0,0.004921834450645929,7
E99Q,0,0.004921834450645929,99
L108V,0,0.004921834450645929,108
L186V,0,0.004921834450645929,186
L295V,0,0.004921834450645929,295
L316V,0,0.004921834450645929,316
L325V,0,0.004921834450645929,325
L70V,0,0.004921834450645929,70
R11T,0,0.004921834450645929,11
R15T,0,0.004921834450645929,15
R161T,0,0.004921834450645929,161
R189T,0,0.004921834450645929,189
R378T,0,0.004921834450645929,378
R41T,0,0.004921834450645929,41
R74T,0,0.004921834450645929,74
R84T,0,0.004921834450645929,84
S338C,0,0.004921834450645929,338
S364C,0,0.004921834450645929,364
S380C,0,0.004921834450645929,380
S385C,0,0.004921834450645929,385
C211S,0,0.0048868505330490405,211
C304S,0,0.0048868505330490405,304
C83S,0,0.0048868505330490405,83
L100V,0,0.004762455311676909,100
L193V,0,0.004762455311676909,193
L318V,0,0.004762455311676909,318
L42V,0,0.004762455311676909,42
S113T,0,0.004762455311676909,113
S170T,0,0.004762455311676909,170
S207T,0,0.004762455311676909,207
S294T,0,0.004762455311676909,294
S305T,0,0.004762455311676909,305
S361T,0,0.004762455311676909,361
S370T,0,0.004762455311676909,370
V403L,0,0.004762455311676909,403
V85L,0,0.004762455311676909,85
C105W,0,0.004437679148375768,105
C136W,0,0.004437679148375768,136
C250G,0,0.004437679148375768,250
C250W,0,0.004437679148375768,250
C296W,0,0.004437679148375768,296
C71W,0,0.004437679148375768,71
H123P,0,0.004437679148375768,123
H196P,0,0.004437679148375768,196
H259P,0,0.004437679148375768,259
H272P,0,0.004437679148375768,272
T232P,0,0.004437679148375768,232
T348P,0,0.004437679148375768,348
T382P,0,0.004437679148375768,382
T383P,0,0.004437679148375768,383
T78P,0,0.004437679148375768,78
V175G,0,0.004437679148375768,175
V191G,0,0.004437679148375768,191
V216G,0,0.004437679148375768,216
V222G,0,0.004437679148375768,222
V249G,0,0.004437679148375768,249
V343G,0,0.004437679148375768,343
F145V,0,0.00439542664618086,145
F21V,0,0.00439542664618086,21
F278V,0,0.00439542664618086,278
F37V,0,0.00439542664618086,37
F81V,0,0.00439542664618086,81
I122L,0,0.00439542664618086,122
I122S,0,0.00439542664618086,122
I168S,0,0.00439542664618086,168
I203S,0,0.00439542664618086,203
I28S,0,0.00439542664618086,28
I300L,0,0.00439542664618086,300
I303S,0,0.00439542664618086,303
I32S,0,0.00439542664618086,32
I33S,0,0.00439542664618086,33
I400L,0,0.00439542664618086,400
I400S,0,0.00439542664618086,400
I50S,0,0.00439542664618086,50
L140V,0,0.00439542664618086,140
N117T,0,0.00439542664618086,117
N184T,0,0.00439542664618086,184
N212T,0,0.00439542664618086,212
N228T,0,0.00439542664618086,228
N276T,0,0.00439542664618086,276
N292T,0,0.00439542664618086,292
N311T,0,0.00439542664618086,311
N323T,0,0.00439542664618086,323
N329T,0,0.00439542664618086,329
N340T,0,0.00439542664618086,340
N356T,0,0.00439542664618086,356
N372T,0,0.00439542664618086,372
N389T,0,0.00439542664618086,389
N49T,0,0.00439542664618086,49
N69T,0,0.00439542664618086,69
N82T,0,0.00439542664618086,82
E150V,0,0.004380786582842092,150
E18V,0,0.004380786582842092,18
E242V,0,0.004380786582842092,242
E256V,0,0.004380786582842092,256
E284V,0,0.004380786582842092,284
E307V,0,0.004380786582842092,307
E352V,0,0.004380786582842092,352
E353V,0,0.004380786582842092,353
E358V,0,0.004380786582842092,358
E388V,0,0.004380786582842092,388
E7V,0,0.004380786582842092,7
R15*,0,0.004380786582842092,15
R172W,0,0.004380786582842092,172
S227T,0,0.004380786582842092,227
S287T,0,0.004380786582842092,287
S385T,0,0.004380786582842092,385
F195V,0,0.004273540734353443,195
F200V,0,0.004273540734353443,200
F206V,0,0.004273540734353443,206
F215V,0,0.004273540734353443,215
F238V,0,0.004273540734353443,238
F243V,0,0.004273540734353443,243
F257V,0,0.004273540734353443,257
F271V,0,0.004273540734353443,271
F56V,0,0.004273540734353443,56
L182V,0,0.004273540734353443,182
L194V,0,0.004273540734353443,194
L247V,0,0.004273540734353443,247
N12T,0,0.004273540734353443,12
N262T,0,0.004273540734353443,262
N31T,0,0.004273540734353443,31
N334T,0,0.004273540734353443,334
N48T,0,0.004273540734353443,48
N63T,0,0.004273540734353443,63
N94T,0,0.004273540734353443,94
T131P,0,0.004273540734353443,131
T167P,0,0.004273540734353443,167
T202P,0,0.004273540734353443,202
T210P,0,0.004273540734353443,210
T286P,0,0.004273540734353443,286
T321P,0,0.004273540734353443,321
T350P,0,0.004273540734353443,350
T363P,0,0.004273540734353443,363
T366P,0,0.004273540734353443,366
V119G,0,0.004273540734353443,119
V369G,0,0.004273540734353443,369
V85G,0,0.004273540734353443,85
V9G,0,0.004273540734353443,9
C105G,0,0.003997261833688699,105
C211G,0,0.003997261833688699,211
C304G,0,0.003997261833688699,304
C71G,0,0.003997261833688699,71
C83G,0,0.003997261833688699,83
I33M,0,0.003997261833688699,33
I50M,0,0.003997261833688699,50
K102Q,0,0.003997261833688699,102
K13Q,0,0.003997261833688699,13
K144Q,0,0.003997261833688699,144
K163Q,0,0.003997261833688699,163
K197Q,0,0.003997261833688699,197
K237Q,0,0.003997261833688699,237
K254Q,0,0.003997261833688699,254
K260Q,0,0.003997261833688699,260
K263Q,0,0.003997261833688699,263
K269Q,0,0.003997261833688699,269
K313Q,0,0.003997261833688699,313
K327Q,0,0.003997261833688699,327
K332Q,0,0.003997261833688699,332
K66Q,0,0.003997261833688699,66
K6Q,0,0.003997261833688699,6
K80Q,0,0.003997261833688699,80
L194W,0,0.003997261833688699,194
L25W,0,0.003997261833688699,25
L57W,0,0.003997261833688699,57
N117H,0,0.003997261833688699,117
N212H,0,0.003997261833688699,212
N228H,0,0.003997261833688699,228
N334H,0,0.003997261833688699,334
N372H,0,0.003997261833688699,372
N49H,0,0.003997261833688699,49
N69H,0,0.003997261833688699,69
Q110P,0,0.003997261833688699,110
Q149P,0,0.003997261833688699,149
Q17P,0,0.003997261833688699,17
Q298P,0,0.003997261833688699,298
Q399P,0,0.003997261833688699,399
Q87P,0,0.003997261833688699,87
W274G,0,0.003997261833688699,274
D107V,0,0.0038283326790417654,107
D115V,0,0.0038283326790417654,115
D153V,0,0.0038283326790417654,153
D187V,0,0.0038283326790417654,187
D19V,0,0.0038283326790417654,19
D252V,0,0.0038283326790417654,252
D297V,0,0.0038283326790417654,297
D301V,0,0.0038283326790417654,301
D310V,0,0.0038283326790417654,310
D324V,0,0.0038283326790417654,324
D368V,0,0.0038283326790417654,368
D375V,0,0.0038283326790417654,375
D386V,0,0.0038283326790417654,386
D393V,0,0.0038283326790417654,393
D395V,0,0.0038283326790417654,395
D51V,0,0.0038283326790417654,51
D52V,0,0.0038283326790417654,52
D58V,0,0.0038283326790417654,58
I101N,0,0.0038283326790417654,101
I253N,0,0.0038283326790417654,253
I300N,0,0.0038283326790417654,300
I4N,0,0.0038283326790417654,4
I5N,0,0.0038283326790417654,5
I8F,0,0.0038283326790417654,8
I8N,0,0.0038283326790417654,8
L181Q,0,0.0037718144268155036,181
L186Q,0,0.0037718144268155036,186
L193Q,0,0.0037718144268155036,193
L345Q,0,0.0037718144268155036,345
Q171L,0,0.0037718144268155036,171
Q214L,0,0.0037718144268155036,214
Q219L,0,0.0037718144268155036,219
Q245L,0,0.0037718144268155036,245
Q261L,0,0.0037718144268155036,261
Q396L,0,0.0037718144268155036,396
Q97L,0,0.0037718144268155036,97
R11*,0,0.0037718144268155036,11
R161*,0,0.0037718144268155036,161
R47W,0,0.0037718144268155036,47
R84*,0,0.0037718144268155036,84
S170C,0,0.0037718144268155036,170
S207C,0,0.0037718144268155036,207
S305C,0,0.0037718144268155036,305
S361C,0,0.0037718144268155036,361
F195I,0,0.003710647494669509,195
F200I,0,0.003710647494669509,200
F206I,0,0.003710647494669509,206
F215I,0,0.003710647494669509,215
F238I,0,0.003710647494669509,238
F243I,0,0.003710647494669509,243
F257I,0,0.003710647494669509,257
F271I,0,0.003710647494669509,271
F56I,0,0.003710647494669509,56
L182I,0,0.003710647494669509,182
L194M,0,0.003710647494669509,194
L247I,0,0.003710647494669509,247
N12I,0,0.003710647494669509,12
N262I,0,0.003710647494669509,262
N31I,0,0.003710647494669509,31
N334I,0,0.003710647494669509,334
N48I,0,0.003710647494669509,48
N63I,0,0.003710647494669509,63
N94I,0,0.003710647494669509,94
T321S,0,0.003710647494669509,321
T350S,0,0.003710647494669509,350
T366S,0,0.003710647494669509,366
V119D,0,0.003710647494669509,119
V369D,0,0.003710647494669509,369
V85D,0,0.003710647494669509,85
V9D,0,0.003710647494669509,9
*404G,0,0.0035281141226639907,404
C124G,0,0.0035281141226639907,124
C218G,0,0.0035281141226639907,218
L181R,0,0.0035281141226639907,181
L186R,0,0.0035281141226639907,186
L193R,0,0.0035281141226639907,193
L345R,0,0.0035281141226639907,345
Q171P,0,0.0035281141226639907,171
Q214P,0,0.0035281141226639907,214
Q219P,0,0.0035281141226639907,219
Q245P,0,0.0035281141226639907,245
Q261P,0,0.0035281141226639907,261
Q396P,0,0.0035281141226639907,396
Q97P,0,0.0035281141226639907,97
E106V,0,0.0034802266493164425,106
E114V,0,0.0034802266493164425,114
E157V,0,0.0034802266493164425,157
E201V,0,0.0034802266493164425,201
E235V,0,0.0034802266493164425,235
E285V,0,0.0034802266493164425,285
E288V,0,0.0034802266493164425,288
E291V,0,0.0034802266493164425,291
E299V,0,0.0034802266493164425,299
E314V,0,0.0034802266493164425,314
E373V,0,0.0034802266493164425,373
E390V,0,0.0034802266493164425,390
E394V,0,0.0034802266493164425,394
E40V,0,0.0034802266493164425,40
E43V,0,0.0034802266493164425,43
E73V,0,0.0034802266493164425,73
E91V,0,0.0034802266493164425,91
E99V,0,0.0034802266493164425,99
F154Y,0,0.0034802266493164425,154
F206Y,0,0.0034802266493164425,206
F21Y,0,0.0034802266493164425,21
F238Y,0,0.0034802266493164425,238
F243Y,0,0.0034802266493164425,243
F257Y,0,0.0034802266493164425,257
F258Y,0,0.0034802266493164425,258
F278Y,0,0.0034802266493164425,278
F279Y,0,0.0034802266493164425,279
F347Y,0,0.0034802266493164425,347
K223*,0,0.0034802266493164425,223
K344*,0,0.0034802266493164425,344
N184Y,0,0.0034802266493164425,184
N262Y,0,0.0034802266493164425,262
N389Y,0,0.0034802266493164425,389
N48Y,0,0.0034802266493164425,48
S226T,0,0.0034802266493164425,226
S229T,0,0.0034802266493164425,229
S338T,0,0.0034802266493164425,338
S362T,0,0.0034802266493164425,362
S364T,0,0.0034802266493164425,364
S380T,0,0.0034802266493164425,380
S59T,0,0.0034802266493164425,59
D187H,0,0.0033978091025962617,187
D19H,0,0.0033978091025962617,19
D268H,0,0.0033978091025962617,268
D58H,0,0.0033978091025962617,58
E157Q,0,0.0033978091025962617,157
E235Q,0,0.0033978091025962617,235
E285Q,0,0.0033978091025962617,285
E314Q,0,0.0033978091025962617,314
E353Q,0,0.0033978091025962617,353
G127A,0,0.0033978091025962617,127
G129A,0,0.0033978091025962617,129
G165A,0,0.0033978091025962617,165
G209A,0,0.0033978091025962617,209
G20A,0,0.0033978091025962617,20
G230A,0,0.0033978091025962617,230
G282A,0,0.0033978091025962617,282
G293A,0,0.0033978091025962617,293
G36A,0,0.0033978091025962617,36
P169A,0,0.0033978091025962617,169
P204A,0,0.0033978091025962617,204
P213A,0,0.0033978091025962617,213
P30A,0,0.0033978091025962617,30
P339A,0,0.0033978091025962617,339
P357A,0,0.0033978091025962617,357
P387A,0,0.0033978091025962617,387
P38A,0,0.0033978091025962617,38
P89A,0,0.0033978091025962617,89
S226C,0,0.0033978091025962617,226
S227C,0,0.0033978091025962617,227
C105*,0,0.003390730123541955,105
C136*,0,0.003390730123541955,136
C250*,0,0.003390730123541955,250
C296*,0,0.003390730123541955,296
C71*,0,0.003390730123541955,71
H123L,0,0.003390730123541955,123
H196L,0,0.003390730123541955,196
H259L,0,0.003390730123541955,259
H272L,0,0.003390730123541955,272
T232S,0,0.003390730123541955,232
T348S,0,0.003390730123541955,348
V175E,0,0.003390730123541955,175
V191E,0,0.003390730123541955,191
V216E,0,0.003390730123541955,216
V222E,0,0.003390730123541955,222
V249E,0,0.003390730123541955,249
V343E,0,0.003390730123541955,343
G132A,0,0.00332134058698106,132
G251A,0,0.00332134058698106,251
P103A,0,0.00332134058698106,103
P190A,0,0.00332134058698106,190
P231A,0,0.00332134058698106,231
P248A,0,0.00332134058698106,248
P281A,0,0.00332134058698106,281
P283A,0,0.00332134058698106,283
P367A,0,0.00332134058698106,367
P374A,0,0.00332134058698106,374
P391A,0,0.00332134058698106,391
P96A,0,0.00332134058698106,96
V217L,0,0.00332134058698106,217
I280I,1,0.0033201326320080275,280
L140F,0,0.0033201326320080275,140
L247F,0,0.0033201326320080275,247
V45L,0,0.002960135664116392,45
I306I,1,0.002909450413896902,306
L23F,0,0.002909450413896902,23
R189S,0,0.002836394004766086,189
R41S,0,0.002836394004766086,41
R74S,0,0.002836394004766086,74
C136G,0,0.002828601702621347,136
C296G,0,0.002828601702621347,296
H118P,0,0.002828601702621347,118
H141P,0,0.002828601702621347,141
H185P,0,0.002828601702621347,185
H376P,0,0.002828601702621347,376
H397P,0,0.002828601702621347,397
H61P,0,0.002828601702621347,61
H64P,0,0.002828601702621347,64
H75P,0,0.002828601702621347,75
H93P,0,0.002828601702621347,93
I303L,0,0.002828601702621347,303
I32L,0,0.002828601702621347,32
I4L,0,0.002828601702621347,4
I5L,0,0.002828601702621347,5
M134R,0,0.002828601702621347,134
M198R,0,0.002828601702621347,198
M199R,0,0.002828601702621347,199
M1R,0,0.002828601702621347,1
M205R,0,0.002828601702621347,205
M239R,0,0.002828601702621347,239
M264R,0,0.002828601702621347,264
M270R,0,0.002828601702621347,270
M35R,0,0.002828601702621347,35
W111G,0,0.002828601702621347,111
D22Y,0,0.002725954549730339,22
D301Y,0,0.002725954549730339,301
R130L,0,0.002725954549730339,130
R233L,0,0.002725954549730339,233
R335L,0,0.002725954549730339,335
I101L,0,0.002683847739244951,101
I135R,0,0.002683847739244951,135
I168L,0,0.002683847739244951,168
I203L,0,0.002683847739244951,203
I224R,0,0.002683847739244951,224
I253L,0,0.002683847739244951,253
I280R,0,0.002683847739244951,280
I28L,0,0.002683847739244951,28
I306R,0,0.002683847739244951,306
I33L,0,0.002683847739244951,33
I50L,0,0.002683847739244951,50
I67R,0,0.002683847739244951,67
Y138D,0,0.002683847739244951,138
Y138S,0,0.002683847739244951,138
Y155S,0,0.002683847739244951,155
Y16D,0,0.002683847739244951,16
Y16S,0,0.002683847739244951,16
Y174S,0,0.002683847739244951,174
Y176S,0,0.002683847739244951,176
Y177S,0,0.002683847739244951,177
Y178S,0,0.002683847739244951,178
Y188S,0,0.002683847739244951,188
Y225D,0,0.002683847739244951,225
Y225S,0,0.002683847739244951,225
Y27S,0,0.002683847739244951,27
Y29S,0,0.002683847739244951,29
Y315D,0,0.002683847739244951,315
Y315S,0,0.002683847739244951,315
Y336D,0,0.002683847739244951,336
Y377S,0,0.002683847739244951,377
Y379D,0,0.002683847739244951,379
Y379S,0,0.002683847739244951,379
Y46D,0,0.002683847739244951,46
Y68D,0,0.002683847739244951,68
Y76S,0,0.002683847739244951,76
Y88D,0,0.002683847739244951,88
Y88S,0,0.002683847739244951,88
D109H,0,0.002577506998620343,109
D116H,0,0.002577506998620343,116
D252H,0,0.002577506998620343,252
D297H,0,0.002577506998620343,297
D312H,0,0.002577506998620343,312
D324H,0,0.002577506998620343,324
D326H,0,0.002577506998620343,326
D371H,0,0.002577506998620343,371
D375H,0,0.002577506998620343,375
D381H,0,0.002577506998620343,381
D384H,0,0.002577506998620343,384
D386H,0,0.002577506998620343,386
D393H,0,0.002577506998620343,393
D51H,0,0.002577506998620343,51
D52H,0,0.002577506998620343,52
D77H,0,0.002577506998620343,77
E106Q,0,0.002577506998620343,106
E114Q,0,0.002577506998620343,114
E201Q,0,0.002577506998620343,201
E242Q,0,0.002577506998620343,242
E373Q,0,0.002577506998620343,373
E390Q,0,0.002577506998620343,390
E394Q,0,0.002577506998620343,394
E43Q,0,0.002577506998620343,43
E73Q,0,0.002577506998620343,73
E91Q,0,0.002577506998620343,91
H118D,0,0.002577506998620343,118
H123D,0,0.002577506998620343,123
H185D,0,0.002577506998620343,185
H196D,0,0.002577506998620343,196
H272D,0,0.002577506998620343,272
H376D,0,0.002577506998620343,376
I101M,0,0.002577506998620343,101
I253M,0,0.002577506998620343,253
I4M,0,0.002577506998620343,4
I5M,0,0.002577506998620343,5
Q171E,0,0.002577506998620343,171
Q17E,0,0.002577506998620343,17
Q214E,0,0.002577506998620343,214
Q245E,0,0.002577506998620343,245
Q298E,0,0.002577506998620343,298
Q396E,0,0.002577506998620343,396
E150A,0,0.0025529173836698854,150
E18A,0,0.0025529173836698854,18
E242A,0,0.0025529173836698854,242
E256A,0,0.0025529173836698854,256
E284A,0,0.0025529173836698854,284
E307A,0,0.0025529173836698854,307
E352A,0,0.0025529173836698854,352
E353A,0,0.0025529173836698854,353
E358A,0,0.0025529173836698854,358
E388A,0,0.0025529173836698854,388
E7A,0,0.0025529173836698854,7
S227A,0,0.0025529173836698854,227
S287A,0,0.0025529173836698854,287
S385A,0,0.0025529173836698854,385
K102*,0,0.0025359774771102476,102
K13*,0,0.0025359774771102476,13
K144*,0,0.0025359774771102476,144
K163*,0,0.0025359774771102476,163
K197*,0,0.0025359774771102476,197
K237*,0,0.0025359774771102476,237
K254*,0,0.0025359774771102476,254
K260*,0,0.0025359774771102476,260
K263*,0,0.0025359774771102476,263
K269*,0,0.0025359774771102476,269
K313*,0,0.0025359774771102476,313
K327*,0,0.0025359774771102476,327
K332*,0,0.0025359774771102476,332
K6*,0,0.0025359774771102476,6
K66*,0,0.0025359774771102476,66
K80*,0,0.0025359774771102476,80
L194*,0,0.0025359774771102476,194
L25*,0,0.0025359774771102476,25
L57*,0,0.0025359774771102476,57
N117Y,0,0.0025359774771102476,117
N212Y,0,0.0025359774771102476,212
N228Y,0,0.0025359774771102476,228
N334Y,0,0.0025359774771102476,334
N372Y,0,0.0025359774771102476,372
N49Y,0,0.0025359774771102476,49
N69Y,0,0.0025359774771102476,69
Q110L,0,0.0025359774771102476,110
Q149L,0,0.0025359774771102476,149
Q17L,0,0.0025359774771102476,17
Q298L,0,0.0025359774771102476,298
Q399L,0,0.0025359774771102476,399
Q87L,0,0.0025359774771102476,87
E106A,0,0.002485443995359337,106
E114A,0,0.002485443995359337,114
E157A,0,0.002485443995359337,157
E201A,0,0.002485443995359337,201
E235A,0,0.002485443995359337,235
E285A,0,0.002485443995359337,285
E288A,0,0.002485443995359337,288
E291A,0,0.002485443995359337,291
E299A,0,0.002485443995359337,299
E314A,0,0.002485443995359337,314
E373A,0,0.002485443995359337,373
E390A,0,0.002485443995359337,390
E394A,0,0.002485443995359337,394
E40A,0,0.002485443995359337,40
E43A,0,0.002485443995359337,43
E73A,0,0.002485443995359337,73
E91A,0,0.002485443995359337,91
E99A,0,0.002485443995359337,99
F154C,0,0.002485443995359337,154
F206C,0,0.002485443995359337,206
F21C,0,0.002485443995359337,21
F238C,0,0.002485443995359337,238
F243C,0,0.002485443995359337,243
F257C,0,0.002485443995359337,257
F258C,0,0.002485443995359337,258
F278C,0,0.002485443995359337,278
F279C,0,0.002485443995359337,279
F347C,0,0.002485443995359337,347
I122M,0,0.002485443995359337,122
I168M,0,0.002485443995359337,168
I203M,0,0.002485443995359337,203
K223Q,0,0.002485443995359337,223
K344Q,0,0.002485443995359337,344
N184H,0,0.002485443995359337,184
N262H,0,0.002485443995359337,262
N389H,0,0.002485443995359337,389
N48H,0,0.002485443995359337,48
S226A,0,0.002485443995359337,226
S229A,0,0.002485443995359337,229
S338A,0,0.002485443995359337,338
S362A,0,0.002485443995359337,362
S364A,0,0.002485443995359337,364
S380A,0,0.002485443995359337,380
S59A,0,0.002485443995359337,59
G44R,0,0.002480637808854885,44
L152V,0,0.002480637808854885,152
L181V,0,0.002480637808854885,181
P213R,0,0.002480637808854885,213
P244R,0,0.002480637808854885,244
P248R,0,0.002480637808854885,248
P374R,0,0.002480637808854885,374
P38R,0,0.002480637808854885,38
P391R,0,0.002480637808854885,391
P89R,0,0.002480637808854885,89
R14T,0,0.002480637808854885,14
R159T,0,0.002480637808854885,159
R172T,0,0.002480637808854885,172
R47T,0,0.002480637808854885,47
R55T,0,0.002480637808854885,55
C124*,0,0.0024511453185751915,124
T277S,0,0.0024511453185751915,277
T398S,0,0.0024511453185751915,398
T401S,0,0.0024511453185751915,401
V133E,0,0.0024511453185751915,133
V158E,0,0.0024511453185751915,158
V166E,0,0.0024511453185751915,166
V255E,0,0.0024511453185751915,255
V275E,0,0.0024511453185751915,275
V290E,0,0.0024511453185751915,290
V317E,0,0.0024511453185751915,317
V351E,0,0.0024511453185751915,351
V365E,0,0.0024511453185751915,365
V45E,0,0.0024511453185751915,45
V53E,0,0.0024511453185751915,53
V54E,0,0.0024511453185751915,54
Y176N,0,0.0024511453185751915,176
Y180F,0,0.0024511453185751915,180
Y240F,0,0.0024511453185751915,240
Y240N,0,0.0024511453185751915,240
Y336F,0,0.0024511453185751915,336
Y346F,0,0.0024511453185751915,346
Y346N,0,0.0024511453185751915,346
Y46F,0,0.0024511453185751915,46
Y65F,0,0.0024511453185751915,65
Y68F,0,0.0024511453185751915,68
G209*,0,0.0024479374388561392,209
P246Q,0,0.0024479374388561392,246
P354Q,0,0.0024479374388561392,354
R142L,0,0.0024479374388561392,142
R234L,0,0.0024479374388561392,234
L112Q,0,0.002355803076006522,112
L152Q,0,0.002355803076006522,152
L220Q,0,0.002355803076006522,220
L265Q,0,0.002355803076006522,265
L295Q,0,0.002355803076006522,295
L316Q,0,0.002355803076006522,316
L98Q,0,0.002355803076006522,98
R189*,0,0.002355803076006522,189
R378*,0,0.002355803076006522,378
S10C,0,0.002355803076006522,10
S179C,0,0.002355803076006522,179
S302C,0,0.002355803076006522,302
S360C,0,0.002355803076006522,360
S370C,0,0.002355803076006522,370
Y155N,0,0.002355803076006522,155
Y174N,0,0.002355803076006522,174
Y180N,0,0.002355803076006522,180
Y27N,0,0.002355803076006522,27
A120G,0,0.002350873055938793,120
A120P,0,0.002350873055938793,120
A121G,0,0.002350873055938793,121
A137G,0,0.002350873055938793,137
A137P,0,0.002350873055938793,137
A148G,0,0.002350873055938793,148
A192G,0,0.002350873055938793,192
A309G,0,0.002350873055938793,309
A309P,0,0.002350873055938793,309
A328G,0,0.002350873055938793,328
A34P,0,0.002350873055938793,34
A39G,0,0.002350873055938793,39
A39P,0,0.002350873055938793,39
A72P,0,0.002350873055938793,72
A86G,0,0.002350873055938793,86
A86P,0,0.002350873055938793,86
C211W,0,0.002350873055938793,211
C304W,0,0.002350873055938793,304
C83W,0,0.002350873055938793,83
H397D,0,0.002350873055938793,397
H61D,0,0.002350873055938793,61
G132R,0,0.0023437921892637656,132
G208R,0,0.0023437921892637656,208
G251R,0,0.0023437921892637656,251
H259D,0,0.0023437921892637656,259
H64D,0,0.0023437921892637656,64
H93D,0,0.0023437921892637656,93
P190R,0,0.0023437921892637656,190
P204R,0,0.0023437921892637656,204
P281R,0,0.0023437921892637656,281
P283R,0,0.0023437921892637656,283
P30R,0,0.0023437921892637656,30
P339R,0,0.0023437921892637656,339
P357R,0,0.0023437921892637656,357
P367R,0,0.0023437921892637656,367
P387R,0,0.0023437921892637656,387
P95R,0,0.0023437921892637656,95
P96R,0,0.0023437921892637656,96
Q110E,0,0.0023437921892637656,110
Q219E,0,0.0023437921892637656,219
W111S,0,0.0023437921892637656,111
W274S,0,0.0023437921892637656,274
A148P,0,0.0023119521259249965,148
A151G,0,0.0023119521259249965,151
A151P,0,0.0023119521259249965,151
A192P,0,0.0023119521259249965,192
A333G,0,0.0023119521259249965,333
A359P,0,0.0023119521259249965,359
A3G,0,0.0023119521259249965,3
A79G,0,0.0023119521259249965,79
C218W,0,0.0023119521259249965,218
G143A,0,0.0023119521259249965,143
G208A,0,0.0023119521259249965,208
G44A,0,0.0023119521259249965,44
P246A,0,0.0023119521259249965,246
P354A,0,0.0023119521259249965,354
I32M,0,0.002297008513106735,32
I400M,0,0.002297008513106735,400
K125Q,0,0.002297008513106735,125
K330Q,0,0.002297008513106735,330
K342Q,0,0.002297008513106735,342
K62Q,0,0.002297008513106735,62
N311H,0,0.002297008513106735,311
N82H,0,0.002297008513106735,82
N94H,0,0.002297008513106735,94
Y177D,0,0.002297008513106735,177
Y178D,0,0.002297008513106735,178
Y188D,0,0.002297008513106735,188
Y29D,0,0.002297008513106735,29
Y377D,0,0.002297008513106735,377
Y65D,0,0.002297008513106735,65
Y76D,0,0.002297008513106735,76
G143R,0,0.0022517745735607672,143
G156A,0,0.0022517745735607672,156
P103R,0,0.0022517745735607672,103
P169R,0,0.0022517745735607672,169
P231R,0,0.0022517745735607672,231
P244A,0,0.0022517745735607672,244
P95A,0,0.0022517745735607672,95
D107A,0,0.002185421478740749,107
D115A,0,0.002185421478740749,115
D153A,0,0.002185421478740749,153
D187A,0,0.002185421478740749,187
D19A,0,0.002185421478740749,19
D252A,0,0.002185421478740749,252
D297A,0,0.002185421478740749,297
D301A,0,0.002185421478740749,301
D310A,0,0.002185421478740749,310
D324A,0,0.002185421478740749,324
D368A,0,0.002185421478740749,368
D375A,0,0.002185421478740749,375
D386A,0,0.002185421478740749,386
D393A,0,0.002185421478740749,393
D395A,0,0.002185421478740749,395
D51A,0,0.002185421478740749,51
D52A,0,0.002185421478740749,52
D58A,0,0.002185421478740749,58
I101S,0,0.002185421478740749,101
I253S,0,0.002185421478740749,253
I300S,0,0.002185421478740749,300
I4S,0,0.002185421478740749,4
I5S,0,0.002185421478740749,5
I8L,0,0.002185421478740749,8
I8S,0,0.002185421478740749,8
A121P,0,0.002166528198294243,121
A126G,0,0.002166528198294243,126
A126P,0,0.002166528198294243,126
A328P,0,0.002166528198294243,328
A333P,0,0.002166528198294243,333
A34G,0,0.002166528198294243,34
A359G,0,0.002166528198294243,359
A3P,0,0.002166528198294243,3
A72G,0,0.002166528198294243,72
L112V,0,0.002166528198294243,112
L220V,0,0.002166528198294243,220
L265V,0,0.002166528198294243,265
L345V,0,0.002166528198294243,345
L98V,0,0.002166528198294243,98
S10T,0,0.002166528198294243,10
S179T,0,0.002166528198294243,179
S302T,0,0.002166528198294243,302
S360T,0,0.002166528198294243,360
D109V,0,0.002095002941176471,109
D116V,0,0.002095002941176471,116
D162V,0,0.002095002941176471,162
D22V,0,0.002095002941176471,22
D236V,0,0.002095002941176471,236
D24V,0,0.002095002941176471,24
D268V,0,0.002095002941176471,268
D312V,0,0.002095002941176471,312
D326V,0,0.002095002941176471,326
D331V,0,0.002095002941176471,331
D371V,0,0.002095002941176471,371
D381V,0,0.002095002941176471,381
D384V,0,0.002095002941176471,384
D77V,0,0.002095002941176471,77
D92V,0,0.002095002941176471,92
S355T,0,0.002095002941176471,355
T2S,0,0.002095002941176471,2
V217D,0,0.002095002941176471,217
V403D,0,0.002095002941176471,403
A79S,0,0.0018655110842844599,79
R173L,0,0.0018655110842844599,173
R173S,0,0.0018655110842844599,173
R308S,0,0.0018655110842844599,308
P246R,0,0.0015328607487771226,246
P354R,0,0.0015328607487771226,354
R142P,0,0.0015328607487771226,142
R234P,0,0.0015328607487771226,234
R335G,0,0.0015328607487771226,335
R308L,0,0.001483292838329361,308
V9F,0,0.001483292838329361,9
R130G,0,0.0014768428257870311,130
R233G,0,0.0014768428257870311,233
R234G,0,0.0014768428257870311,234
R308P,0,0.0014768428257870311,308
V9L,0,0.0014768428257870311,9
C124W,0,8.689873134328361e-4,124
T277P,0,8.689873134328361e-4,277
T319P,0,8.689873134328361e-4,319
T398P,0,8.689873134328361e-4,398
T401P,0,8.689873134328361e-4,401
V133G,0,8.689873134328361e-4,133
V158G,0,8.689873134328361e-4,158
V166G,0,8.689873134328361e-4,166
V255G,0,8.689873134328361e-4,255
V275G,0,8.689873134328361e-4,275
V290G,0,8.689873134328361e-4,290
V317G,0,8.689873134328361e-4,317
V351G,0,8.689873134328361e-4,351
V365G,0,8.689873134328361e-4,365
V45G,0,8.689873134328361e-4,45
V53G,0,8.689873134328361e-4,53
V54G,0,8.689873134328361e-4,54
Y176D,0,8.689873134328361e-4,176
Y180S,0,8.689873134328361e-4,180
Y240D,0,8.689873134328361e-4,240
Y240S,0,8.689873134328361e-4,240
Y336S,0,8.689873134328361e-4,336
Y346D,0,8.689873134328361e-4,346
Y346S,0,8.689873134328361e-4,346
Y46S,0,8.689873134328361e-4,46
Y65S,0,8.689873134328361e-4,65
Y68S,0,8.689873134328361e-4,68
D109A,0,7.41391063589615e-4,109
D116A,0,7.41391063589615e-4,116
D162A,0,7.41391063589615e-4,162
D22A,0,7.41391063589615e-4,22
D236A,0,7.41391063589615e-4,236
D24A,0,7.41391063589615e-4,24
D268A,0,7.41391063589615e-4,268
D312A,0,7.41391063589615e-4,312
D326A,0,7.41391063589615e-4,326
D331A,0,7.41391063589615e-4,331
D371A,0,7.41391063589615e-4,371
D381A,0,7.41391063589615e-4,381
D384A,0,7.41391063589615e-4,384
D77A,0,7.41391063589615e-4,77
D92A,0,7.41391063589615e-4,92
S355A,0,7.41391063589615e-4,355
T160P,0,7.41391063589615e-4,160
T26P,0,7.41391063589615e-4,26
T2P,0,7.41391063589615e-4,2
V217G,0,7.41391063589615e-4,217
V403G,0,7.41391063589615e-4,403
D22H,0,6.697470149253734e-4,22
D301H,0,6.697470149253734e-4,301
I300M,0,6.697470149253734e-4,300
I8M,0,6.697470149253734e-4,8
R130P,0,6.697470149253734e-4,130
R142G,0,6.697470149253734e-4,142
R233P,0,6.697470149253734e-4,233
R335P,0,6.697470149253734e-4,335
A79P,0,6.265917785024459e-4,79
R173G,0,6.265917785024459e-4,173
R173P,0,6.265917785024459e-4,173
R308G,0,6.265917785024459e-4,308
L112R,0,5.536473378903803e-4,112
L152R,0,5.536473378903803e-4,152
L220R,0,5.536473378903803e-4,220
L265R,0,5.536473378903803e-4,265
L295R,0,5.536473378903803e-4,295
L316R,0,5.536473378903803e-4,316
L98R,0,5.536473378903803e-4,98
Y155D,0,5.536473378903803e-4,155
Y174D,0,5.536473378903803e-4,174
Y180D,0,5.536473378903803e-4,180
Y27D,0,5.536473378903803e-4,27
