nd_coord,cdn_coord,alt,cdn_alt_pos,ref_codon,alt_codon,ref_aa,alt_aa,ref_cdn_freq,alt_cdn_freq,cdn_freq_diff,Assigned
12,4,T,3,ATC,ATT,I,I,20.8,16,4.800000000000001,MT-L
33,11,G,3,AGA,AGG,R,R,12.200000000000001,12,0.20000000000000107,MT-L
72,24,T,3,GAC,GAT,D,D,25.1,21.8,3.3000000000000007,MT-L
78,26,A,3,ACC,ACA,T,T,18.900000000000002,15.100000000000001,3.8000000000000007,MT-H
198,66,A,3,AAG,AAA,K,K,31.900000000000002,24.400000000000002,7.5,MT-L htmb
234,78,G,3,ACC,ACG,T,T,18.900000000000002,6.1000000000000005,12.8,MT-L
240,80,G,3,AAA,AAG,K,K,24.400000000000002,31.900000000000002,-7.5,MT-L
261,87,G,3,CAA,CAG,Q,Q,12.3,34.2,-21.900000000000002,MT-L
261,87,G,3,CAA,CAG,Q,Q,12.3,34.2,-21.900000000000002,MT-L
279,93,C,3,CAT,CAC,H,H,10.9,15.100000000000001,-4.200000000000001,MT-H
282,94,T,3,AAC,AAT,N,N,19.1,17,2.1000000000000014,MT-L htmb
288,96,C,3,CCA,CCC,P,P,16.900000000000002,19.8,-2.8999999999999986,MT-L
339,113,C,3,AGT,AGC,S,S,12.100000000000001,19.5,-7.399999999999999,MT-H
477,159,A,3,AGG,AGA,R,R,12,12.200000000000001,-0.20000000000000107,MT-L htmb
486,162,T,3,GAC,GAT,D,D,25.1,21.8,3.3000000000000007,MT-L
519,173,A,3,CGC,CGA,R,R,10.4,6.2,4.2,MT-H
522,174,C,3,TAT,TAC,Y,Y,12.200000000000001,15.3,-3.0999999999999996,MT-L
558,186,A,3,CTG,CTA,M,L,39.6,7.2,32.4,MT-L htmb
609,203,A,3,ATT,ATA,I,I,16,7.5,8.5,MT-H
624,208,A,3,GGC,GGA,G,G,22.200000000000003,16.5,5.700000000000003,MT-L
624,208,T,3,GGC,GGT,G,G,22.200000000000003,10.8,11.400000000000002,MT-L
651,217,G,3,GTC,GTG,V,V,14.5,28.1,-13.600000000000001,MT-L
654,218,T,3,TGC,TGT,C,C,12.600000000000001,10.600000000000001,2,MT-H
660,220,G,3,CTA,CTG,L,M,7.2,39.6,-32.4,MT-H
687,229,G,3,TCA,TCG,S,S,12.200000000000001,4.4,7.800000000000001,MT-H
690,230,G,3,GGA,GGG,G,G,16.5,16.5,0,MT-H
702,234,T,3,CGG,CGT,R,R,11.4,4.5,6.9,MT-L
729,243,T,3,TTC,TTT,F,F,20.3,17.6,2.6999999999999993,MT-L htmb
738,246,A,3,CCG,CCA,P,P,6.9,16.900000000000002,-10.000000000000002,MT-L htmb
738,246,A,3,CCG,CCA,P,P,6.9,16.900000000000002,-10.000000000000002,MT-H
738,246,A,3,CCG,CCA,P,P,6.9,16.900000000000002,-10.000000000000002,MT-H
738,246,A,3,CCG,CCA,P,P,6.9,16.900000000000002,-10.000000000000002,MT-L htmb
738,246,A,3,CCG,CCA,P,P,6.9,16.900000000000002,-10.000000000000002,MT-H
738,246,A,3,CCG,CCA,P,P,6.9,16.900000000000002,-10.000000000000002,MT-L htmb
744,248,G,3,CCT,CCG,P,P,17.5,6.9,10.6,MT-H
753,251,C,3,GGT,GGC,G,G,10.8,22.200000000000003,-11.400000000000002,MT-H
801,267,A,3,AAG,AAA,K,K,31.900000000000002,24.400000000000002,7.5,MT-L
801,267,A,3,AAG,AAA,K,K,31.900000000000002,24.400000000000002,7.5,MT-H
801,267,A,3,AAG,AAA,K,K,31.900000000000002,24.400000000000002,7.5,MT-L
819,273,C,3,TTT,TTC,F,F,17.6,20.3,-2.6999999999999993,MT-L
858,286,G,3,ACC,ACG,T,T,18.900000000000002,6.1000000000000005,12.8,MT-H
858,286,A,3,ACC,ACA,T,T,18.900000000000002,15.100000000000001,3.8000000000000007,MT-H
900,300,T,3,ATC,ATT,I,I,20.8,16,4.800000000000001,MT-H
900,300,T,3,ATC,ATT,I,I,20.8,16,4.800000000000001,MT-L htmb
933,311,C,3,AAT,AAC,N,N,17,19.1,-2.1000000000000014,MT-H
942,314,G,3,GAA,GAG,E,E,29,39.6,-10.600000000000001,MT-L
942,314,G,3,GAA,GAG,E,E,29,39.6,-10.600000000000001,MT-L
981,327,G,3,AAA,AAG,K,K,24.400000000000002,31.900000000000002,-7.5,MT-L
1026,342,A,3,AAG,AAA,K,K,31.900000000000002,24.400000000000002,7.5,MT-L
1026,342,A,3,AAG,AAA,K,K,31.900000000000002,24.400000000000002,7.5,MT-L
1026,342,A,3,AAG,AAA,K,K,31.900000000000002,24.400000000000002,7.5,MT-L
1026,342,A,3,AAG,AAA,K,K,31.900000000000002,24.400000000000002,7.5,MT-L
1062,354,A,3,CCG,CCA,P,P,6.9,16.900000000000002,-10.000000000000002,MT-H
1062,354,A,3,CCG,CCA,P,P,6.9,16.900000000000002,-10.000000000000002,MT-L
1062,354,A,3,CCG,CCA,P,P,6.9,16.900000000000002,-10.000000000000002,MT-L
1074,358,A,3,GAG,GAA,E,E,39.6,29,10.600000000000001,MT-L
1089,363,C,3,ACT,ACC,T,T,13.100000000000001,18.900000000000002,-5.800000000000001,MT-L
1089,363,C,3,ACT,ACC,T,T,13.100000000000001,18.900000000000002,-5.800000000000001,MT-H
1089,363,A,3,ACT,ACA,T,T,13.100000000000001,15.100000000000001,-2,MT-L
1107,369,C,3,GTT,GTC,V,V,11,14.5,-3.5,MT-L
1110,370,C,3,AGT,AGC,S,S,12.100000000000001,19.5,-7.399999999999999,MT-H
1116,372,C,3,AAT,AAC,N,N,17,19.1,-2.1000000000000014,MT-H
1128,376,C,3,CAT,CAC,H,H,10.9,15.100000000000001,-4.200000000000001,MT-L htmb
1167,389,C,3,AAT,AAC,N,N,17,19.1,-2.1000000000000014,MT-L
