"codon","consurf_score"
8,0.022
9,-1.184
10,-1.326
11,-0.594
12,-0.414
13,-1.059
14,-0.171
15,-1.273
16,-0.361
17,0.718
18,0.178
19,-0.134
20,0.051
21,-0.77
22,-0.944
23,-1.236
24,-1.353
25,-1.27
26,-0.544
27,-1.233
28,-1.047
29,-0.554
30,0.344
31,-0.842
32,-0.504
33,-1.221
34,-1.271
35,-1.347
36,-0.874
37,-0.422
38,-1.324
39,-0.898
40,-0.072
41,-0.255
42,0.914
43,-1.105
44,0.491
45,0.475
46,-0.895
47,-1.353
48,-1.378
49,-0.18
50,-0.553
51,0.721
52,-0.358
53,-1.179
54,0.109
55,-0.413
56,-1.017
57,-1.007
58,-0.128
59,0.713
60,-0.372
61,-1.281
62,1.631
63,0.346
64,-0.27
65,-0.965
66,-0.415
67,-0.801
68,-0.549
69,-1.353
70,-1.211
71,-1.053
72,-0.97
73,-1.202
74,-0.713
75,0.507
76,-1.243
77,-0.732
78,2.633
79,0.198
80,0.014
81,-1.139
82,0.292
83,0.585
84,-0.447
85,-1.005
86,0.078
87,0.642
88,0.334
89,-0.44
90,-0.839
91,-0.329
92,-1.332
93,-1.308
94,-0.968
95,-0.618
96,-1.133
97,0.355
98,-0.355
99,0.242
100,-0.255
101,-0.914
102,0.953
103,1.14
104,-0.623
105,-0.593
106,0.732
107,-0.289
108,-0.766
109,0.56
110,1.16
111,-0.349
112,-0.962
113,0.879
114,0.528
115,-0.214
116,1.354
117,1.149
118,-1.144
119,-0.944
120,-0.743
121,-0.627
122,-0.641
123,-1.332
124,-1.352
125,-1.137
126,-1.195
127,-1.353
128,-1.277
129,-1.268
130,-1.372
131,-1.341
132,-1.313
133,-0.452
134,-1.021
135,-0.668
136,-0.617
137,-0.032
138,-0.248
139,-1.067
140,-0.642
141,-0.326
142,0.117
143,0.683
144,1.031
145,0.362
146,2.672
147,-0.012
148,-0.769
149,0.912
150,-0.237
151,-1.029
152,-0.481
153,1.137
154,1.202
155,-1.019
156,0.091
157,0.477
158,0.053
159,-1.33
160,-1.19
161,1.128
162,-0.442
163,0.648
164,-0.938
165,-1.267
166,-1.003
167,-1.132
168,-1.096
169,-1.127
170,-1.315
171,-1.351
172,-0.161
173,-1.306
174,-1.183
175,-1.058
176,0.911
177,-1.338
178,-0.52
179,-0.097
180,0.857
181,0.399
182,-0.244
183,0.71
184,0.89
185,2.728
186,1.042
187,1.873
188,-0.123
189,1.192
190,1.054
191,1.207
192,1.219
193,0.135
194,2
195,-0.486
196,0.683
197,0.339
198,-0.315
199,1.156
200,0.069
201,0.783
202,0.211
203,0.8
204,-0.86
205,0.741
206,0.341
207,0.287
208,1.111
209,0.208
210,0.175
211,0.801
212,0.379
213,0.152
214,1.456
215,0.431
216,0.737
217,-0.494
218,1.179
219,0.409
220,2.149
221,1.078
222,0.739
223,1.195
224,0.254
225,0.509
226,0.813
227,-0.236
228,0.844
229,2.551
230,1.35
231,0.923
232,0.947
233,0.547
234,0.063
235,2.696
236,1.381
237,1.273
238,1.585
239,1.103
240,1.892
241,0.082
242,2.367
243,0.618
244,2.577
245,1.095
246,1.265
247,0.376
248,2.123
249,-0.199
250,2.563
251,-0.744
252,-1.297
253,-0.553
254,-0.768
255,-0.306
256,0.019
257,-0.43
258,1.247
259,-0.178
260,0.245
261,0.512
262,0.538
263,0.161
264,0.684
265,1.267
266,0.234
267,0.005
268,0.379
269,0.078
270,-0.068
271,-0.481
272,-0.244
273,-0.141
274,-0.817
275,-0.781
276,-1.121
277,-1.198
278,-0.167
279,-1.038
280,-0.453
281,1.239
282,1.408
283,0.94
284,1.702
285,2.138
286,1.968
287,1.488
288,2.307
289,2.076
290,1.38
291,0.751
292,0.987
293,0.807
294,0.897
295,0.087
296,0.733
297,-0.531
298,1.142
299,-0.877
300,0.789
301,-0.616
302,-0.832
303,-1.361
304,-0.394
305,-0.734
306,-0.191
307,-1.094
308,-0.601
309,-0.683
310,-0.097
311,0.206
312,-0.372
313,1.874
314,-0.798
315,0.609
316,0.673
317,0.047
318,-1.134
319,-0.124
320,-0.513
321,0.04
322,0.615
323,2.746
324,-0.983
325,1.353
326,0
327,0.047
328,-0.968
329,-1.156
330,-0.468
324,-0.468
